row,col,weight_sum,volume_sum,priority_max,count,customer_id,customer_id_idx
597,770,18.670000,0.060000,1,1,C000002,0
1348,146,6.710000,0.246000,3,1,C000003,1
1053,1541,22.350000,0.164000,2,1,C000006,2
2635,2518,3.760000,0.090000,1,1,C000010,3
1006,1178,13.930000,0.184000,1,1,C000011,4
1121,2114,6.250000,0.073000,2,1,C000013,5
657,2018,1.590000,0.176000,2,1,C000014,6
684,71,8.700000,0.032000,3,1,C000015,7
2175,1526,19.300000,0.127000,2,1,C000017,8
1038,1751,14.180000,0.128000,2,1,C000018,9
2040,1353,1.140000,0.074000,3,1,C000026,10
1285,2021,23.410000,0.018000,2,1,C000027,11
734,1448,16.730000,0.099000,2,1,C000028,12
706,2098,17.080000,0.220000,1,1,C000029,13
738,1455,23.890000,0.026000,1,1,C000031,14
1126,1204,0.400000,0.079000,2,1,C000032,15
291,1554,5.860000,0.225000,2,1,C000033,16
1988,793,23.460000,0.042000,2,1,C000035,17
814,1540,14.360000,0.205000,2,1,C000036,18
1791,2589,1.340000,0.045000,2,1,C000037,19
224,2140,8.690000,0.145000,2,1,C000042,20
1468,2346,12.450000,0.106000,2,1,C000043,21
2385,1892,7.380000,0.019000,1,1,C000044,22
733,371,6.510000,0.183000,1,1,C000046,23
52,725,3.740000,0.101000,2,1,C000051,24
1704,966,19.610000,0.028000,2,1,C000055,25
2452,2559,22.370000,0.071000,3,1,C000056,26
260,923,7.580000,0.016000,2,1,C000057,27
1771,258,16.410000,0.205000,2,1,C000066,28
2182,2190,0.780000,0.033000,2,1,C000068,29
2547,2512,5.890000,0.203000,2,1,C000069,30
1432,854,15.550000,0.148000,1,1,C000071,31
2107,340,5.350000,0.197000,2,1,C000075,32
1383,595,3.810000,0.203000,1,1,C000078,33
990,790,23.580000,0.077000,2,1,C000079,34
334,1210,19.350000,0.143000,1,1,C000081,35
390,2503,12.600000,0.176000,2,1,C000084,36
250,1800,3.810000,0.165000,2,1,C000087,37
1702,2044,2.640000,0.027000,2,1,C000088,38
2410,1437,20.770000,0.204000,2,1,C000089,39
630,2171,0.780000,0.238000,2,1,C000090,40
774,1874,16.940000,0.189000,2,1,C000093,41
6,196,17.700000,0.073000,2,1,C000097,42
1172,1270,19.330000,0.135000,3,1,C000098,43
859,646,12.620000,0.093000,2,1,C000099,44
2021,2029,1.860000,0.172000,3,1,C000100,45
2568,1219,6.510000,0.037000,2,1,C000103,46
110,156,16.010000,0.134000,2,1,C000104,47
302,1519,14.240000,0.139000,2,1,C000105,48
1889,175,23.990000,0.192000,1,1,C000110,49
163,2497,23.580000,0.175000,2,1,C000111,50
444,643,20.990000,0.039000,2,1,C000112,51
1514,2459,17.350000,0.224000,2,1,C000113,52
777,1633,15.640000,0.131000,2,1,C000115,53
1751,1865,23.040000,0.148000,1,1,C000119,54
2330,1789,0.250000,0.026000,2,1,C000122,55
557,2034,20.550000,0.248000,2,1,C000123,56
1304,887,14.280000,0.081000,2,1,C000127,57
2375,585,18.400000,0.206000,3,1,C000130,58
806,2427,24.750000,0.239000,3,1,C000132,59
575,117,19.940000,0.154000,3,1,C000136,60
1918,1312,13.970000,0.122000,2,1,C000137,61
2277,1849,0.280000,0.023000,1,1,C000138,62
130,365,1.120000,0.120000,2,1,C000141,63
659,2387,4.370000,0.233000,3,1,C000142,64
47,1625,4.750000,0.134000,2,1,C000148,65
402,389,12.790000,0.020000,2,1,C000151,66
1485,1909,23.430000,0.240000,1,1,C000153,67
1373,2570,18.340000,0.195000,2,1,C000154,68
2481,184,23.870000,0.178000,3,1,C000156,69
2028,2367,6.200000,0.235000,2,1,C000160,70
2036,52,21.350000,0.230000,3,1,C000161,71
291,1536,9.540000,0.028000,3,1,C000164,72
385,2623,6.320000,0.166000,2,1,C000167,73
2024,928,13.750000,0.145000,2,1,C000172,74
2179,1393,18.760000,0.241000,2,1,C000176,75
2248,2410,18.620000,0.131000,2,1,C000177,76
1995,2298,2.970000,0.198000,3,1,C000178,77
796,1606,12.430000,0.043000,2,1,C000179,78
1194,1879,13.430000,0.109000,2,1,C000180,79
951,1422,17.860000,0.079000,3,1,C000182,80
1618,2391,5.800000,0.117000,3,1,C000183,81
1755,634,7.690000,0.091000,2,1,C000187,82
1178,943,3.110000,0.044000,2,1,C000191,83
113,478,15.830000,0.211000,2,1,C000193,84
2568,2076,5.350000,0.161000,3,1,C000195,85
252,87,10.330000,0.233000,3,1,C000197,86
185,522,7.380000,0.227000,2,1,C000200,87
726,1737,10.510000,0.128000,2,1,C000202,88
524,471,0.910000,0.019000,2,1,C000207,89
832,2250,17.170000,0.204000,1,1,C000210,90
592,2247,22.890000,0.153000,3,1,C000213,91
1507,433,18.610000,0.242000,2,1,C000215,92
1146,1028,4.970000,0.023000,1,1,C000217,93
2404,201,2.110000,0.078000,2,1,C000218,94
1476,2352,23.310000,0.062000,2,1,C000220,95
2205,523,0.570000,0.100000,2,1,C000221,96
2405,1891,18.490000,0.045000,1,1,C000223,97
588,1527,16.980000,0.140000,2,1,C000226,98
2088,2355,15.110000,0.075000,3,1,C000229,99
2519,1425,23.210000,0.200000,2,1,C000230,100
2013,773,21.470000,0.116000,2,1,C000231,101
1885,233,2.890000,0.235000,2,1,C000232,102
2227,38,13.100000,0.237000,1,1,C000233,103
138,474,7.060000,0.160000,2,1,C000236,104
550,1094,5.530000,0.109000,2,1,C000237,105
2068,2163,9.130000,0.238000,2,1,C000241,106
633,281,10.420000,0.241000,3,1,C000244,107
2339,862,23.060000,0.013000,1,1,C000245,108
9,2093,22.310000,0.203000,2,1,C000248,109
1525,2054,9.780000,0.245000,3,1,C000251,110
524,2521,5.890000,0.184000,2,1,C000252,111
2622,362,23.200000,0.145000,2,1,C000254,112
1087,2390,5.620000,0.126000,2,1,C000255,113
2468,2231,18.130000,0.232000,3,1,C000259,114
328,591,4.240000,0.043000,2,1,C000260,115
1117,1945,14.450000,0.136000,2,1,C000262,116
409,1422,13.370000,0.161000,2,1,C000264,117
2317,1596,18.710000,0.138000,2,1,C000265,118
2428,1032,4.480000,0.208000,2,1,C000266,119
2397,1308,11.180000,0.139000,1,1,C000267,120
1309,650,12.240000,0.020000,2,1,C000268,121
3,2570,19.310000,0.090000,2,1,C000269,122
671,1875,11.900000,0.094000,1,1,C000271,123
30,1171,15.620000,0.177000,2,1,C000272,124
686,1928,16.210000,0.062000,2,1,C000273,125
947,48,3.360000,0.093000,3,1,C000274,126
1821,1590,13.100000,0.015000,2,1,C000276,127
2599,1019,19.290000,0.160000,1,1,C000278,128
1951,2188,18.410000,0.226000,2,1,C000280,129
1057,2509,17.260000,0.139000,2,1,C000282,130
2311,2142,3.350000,0.162000,1,1,C000283,131
1231,1502,16.670000,0.146000,3,1,C000285,132
1934,1044,6.360000,0.201000,1,1,C000291,133
205,2071,0.710000,0.040000,1,1,C000293,134
235,829,14.750000,0.126000,3,1,C000295,135
2310,913,12.040000,0.242000,1,1,C000299,136
2477,356,17.900000,0.243000,2,1,C000301,137
130,2283,1.060000,0.249000,2,1,C000303,138
1210,17,18.750000,0.040000,3,1,C000304,139
77,2029,11.030000,0.165000,2,1,C000305,140
10,1724,11.150000,0.026000,2,1,C000307,141
2629,1516,19.270000,0.056000,2,1,C000310,142
1705,1855,14.850000,0.071000,2,1,C000313,143
589,326,24.630000,0.020000,1,1,C000314,144
2591,542,20.010000,0.209000,2,1,C000321,145
2066,2140,12.650000,0.100000,2,1,C000324,146
399,1054,20.030000,0.227000,3,1,C000325,147
177,91,21.160000,0.215000,1,1,C000326,148
2460,2353,22.660000,0.187000,1,1,C000327,149
2343,2342,22.120000,0.134000,2,1,C000329,150
1447,797,18.430000,0.054000,2,1,C000335,151
355,1489,1.610000,0.064000,2,1,C000336,152
672,934,15.310000,0.007000,2,1,C000337,153
2524,0,5.420000,0.119000,1,1,C000339,154
678,2001,5.720000,0.018000,2,1,C000340,155
2610,47,12.880000,0.095000,2,1,C000343,156
1642,94,3.810000,0.099000,3,1,C000345,157
271,2398,15.130000,0.099000,2,1,C000346,158
326,1341,16.270000,0.067000,3,1,C000347,159
1795,1771,5.600000,0.215000,1,1,C000348,160
1017,378,2.660000,0.215000,2,1,C000353,161
1446,1302,12.380000,0.106000,1,1,C000354,162
1963,95,2.810000,0.033000,2,1,C000355,163
1278,2269,19.210000,0.043000,2,1,C000356,164
914,52,20.490000,0.189000,2,1,C000357,165
2559,1199,8.270000,0.126000,2,1,C000358,166
1345,2590,3.040000,0.244000,1,1,C000360,167
1363,469,21.080000,0.074000,2,1,C000362,168
1435,1800,21.810000,0.228000,2,1,C000364,169
976,516,4.920000,0.018000,1,1,C000365,170
791,541,24.570000,0.035000,3,1,C000368,171
1080,2462,12.250000,0.160000,2,1,C000373,172
471,632,2.310000,0.220000,2,1,C000376,173
680,85,19.820000,0.236000,3,1,C000380,174
1703,2345,5.640000,0.065000,2,1,C000381,175
1550,748,21.290000,0.117000,3,1,C000386,176
1055,1635,0.210000,0.071000,2,1,C000390,177
1232,2143,10.820000,0.024000,2,1,C000391,178
606,1263,8.920000,0.095000,3,1,C000392,179
1349,1452,6.400000,0.158000,1,1,C000395,180
1543,2350,9.380000,0.046000,3,1,C000396,181
1341,422,8.270000,0.144000,2,1,C000397,182
1851,2581,22.080000,0.109000,2,1,C000398,183
300,680,15.870000,0.060000,1,1,C000399,184
1454,2105,2.420000,0.203000,3,1,C000402,185
751,2275,22.940000,0.184000,3,1,C000404,186
997,1390,18.240000,0.203000,2,1,C000406,187
2423,864,22.530000,0.117000,3,1,C000409,188
974,135,2.330000,0.119000,2,1,C000410,189
238,1801,14.660000,0.227000,1,1,C000411,190
2344,1587,15.420000,0.085000,2,1,C000412,191
2291,1703,4.240000,0.193000,2,1,C000415,192
1558,1012,6.710000,0.180000,3,1,C000417,193
559,722,16.310000,0.213000,2,1,C000418,194
345,1124,22.170000,0.181000,1,1,C000419,195
1676,345,24.740000,0.215000,1,1,C000422,196
2248,1985,11.310000,0.194000,2,1,C000425,197
1726,738,9.850000,0.025000,2,1,C000428,198
1731,2421,14.050000,0.039000,1,1,C000430,199
1668,413,5.290000,0.144000,1,1,C000431,200
1850,1844,20.850000,0.009000,3,1,C000432,201
1393,1963,17.930000,0.128000,2,1,C000433,202
1087,1000,7.930000,0.111000,2,1,C000434,203
1847,416,17.450000,0.182000,1,1,C000435,204
1708,1650,22.370000,0.193000,3,1,C000436,205
44,573,18.110000,0.246000,3,1,C000438,206
936,1435,13.820000,0.176000,2,1,C000440,207
1991,1375,0.930000,0.184000,2,1,C000441,208
2012,1039,22.130000,0.027000,2,1,C000442,209
848,948,9.040000,0.208000,2,1,C000444,210
77,505,12.490000,0.201000,2,1,C000445,211
2414,1717,17.460000,0.172000,2,1,C000448,212
1361,981,13.940000,0.097000,1,1,C000450,213
1811,845,15.670000,0.201000,2,1,C000451,214
894,1517,17.010000,0.154000,2,1,C000453,215
2515,1285,7.870000,0.160000,1,1,C000456,216
1632,875,13.470000,0.145000,2,1,C000457,217
1542,2523,20.040000,0.123000,3,1,C000458,218
233,1520,6.720000,0.124000,2,1,C000462,219
353,2613,2.120000,0.029000,2,1,C000466,220
2521,1026,15.630000,0.199000,2,1,C000468,221
2204,1316,1.450000,0.181000,3,1,C000469,222
1642,227,5.940000,0.011000,2,1,C000471,223
379,2497,1.000000,0.107000,2,1,C000473,224
1288,566,22.490000,0.153000,2,1,C000474,225
997,2483,16.760000,0.088000,2,1,C000476,226
540,1109,13.730000,0.225000,3,1,C000478,227
1448,1042,6.510000,0.202000,2,1,C000480,228
2184,1912,20.830000,0.238000,2,1,C000481,229
2336,1122,23.400000,0.136000,2,1,C000485,230
2268,2148,1.040000,0.128000,2,1,C000486,231
1243,903,16.950000,0.055000,2,1,C000488,232
2367,956,22.580000,0.162000,1,1,C000490,233
2188,1300,0.780000,0.107000,2,1,C000494,234
2340,2242,23.190000,0.113000,2,1,C000495,235
2126,259,9.650000,0.129000,3,1,C000499,236
874,2552,6.220000,0.076000,2,1,C000501,237
479,1800,5.100000,0.033000,2,1,C000502,238
670,279,8.910000,0.024000,2,1,C000504,239
101,1879,4.350000,0.212000,2,1,C000507,240
2516,687,20.800000,0.028000,2,1,C000508,241
1482,248,23.880000,0.034000,2,1,C000514,242
843,1700,5.890000,0.011000,2,1,C000515,243
2632,1327,7.720000,0.222000,2,1,C000517,244
1549,252,15.140000,0.066000,2,1,C000519,245
1442,1447,16.200000,0.050000,2,1,C000522,246
498,2071,21.760000,0.023000,2,1,C000524,247
1141,157,11.150000,0.189000,1,1,C000525,248
167,1005,21.320000,0.198000,2,1,C000526,249
1120,168,3.190000,0.045000,2,1,C000527,250
131,1826,8.980000,0.140000,1,1,C000528,251
387,278,4.840000,0.147000,3,1,C000531,252
339,172,14.520000,0.018000,2,1,C000534,253
2355,1756,21.280000,0.209000,2,1,C000536,254
420,1839,24.700000,0.027000,3,1,C000537,255
407,1712,5.730000,0.219000,3,1,C000541,256
669,637,23.830000,0.172000,2,1,C000545,257
796,1872,5.560000,0.097000,2,1,C000548,258
1054,1745,13.440000,0.074000,2,1,C000552,259
496,1223,1.950000,0.092000,2,1,C000555,260
2046,1631,19.990000,0.230000,2,1,C000557,261
1092,2134,2.100000,0.017000,2,1,C000559,262
1187,41,2.720000,0.154000,2,1,C000560,263
2357,2325,10.220000,0.216000,2,1,C000562,264
515,452,9.280000,0.197000,3,1,C000567,265
2252,1301,4.910000,0.169000,2,1,C000568,266
118,2026,10.160000,0.117000,2,1,C000571,267
118,688,3.530000,0.213000,2,1,C000572,268
675,1499,5.380000,0.212000,2,1,C000573,269
2404,2409,19.890000,0.048000,1,1,C000575,270
312,1148,21.160000,0.063000,2,1,C000587,271
445,955,22.100000,0.062000,2,1,C000590,272
1125,1247,3.830000,0.247000,2,1,C000592,273
1447,2337,17.620000,0.108000,3,1,C000593,274
1059,1223,14.900000,0.224000,2,1,C000594,275
631,1945,4.380000,0.163000,3,1,C000596,276
2291,470,20.480000,0.128000,2,1,C000599,277
1689,2393,3.080000,0.156000,3,1,C000600,278
588,2349,2.440000,0.243000,2,1,C000608,279
1684,583,19.390000,0.080000,2,1,C000609,280
624,1921,18.500000,0.125000,2,1,C000610,281
1551,1007,1.080000,0.131000,3,1,C000612,282
1685,1693,17.340000,0.245000,2,1,C000615,283
1485,1921,18.730000,0.222000,2,1,C000616,284
804,1576,16.680000,0.184000,2,1,C000617,285
1964,336,15.650000,0.057000,1,1,C000620,286
2012,1085,8.960000,0.177000,1,1,C000626,287
1253,1997,7.490000,0.223000,2,1,C000629,288
1843,1739,14.320000,0.227000,2,1,C000630,289
838,51,5.430000,0.094000,2,1,C000632,290
2592,934,23.230000,0.058000,2,1,C000633,291
866,897,4.120000,0.189000,2,1,C000637,292
2646,1471,19.580000,0.180000,1,1,C000640,293
2267,2253,23.560000,0.180000,1,1,C000641,294
1548,412,4.180000,0.079000,2,1,C000645,295
2426,956,17.470000,0.120000,2,1,C000646,296
1333,2237,9.930000,0.190000,2,1,C000650,297
1065,1530,17.580000,0.232000,3,1,C000651,298
281,579,19.410000,0.078000,2,1,C000652,299
2310,1371,0.890000,0.107000,2,1,C000653,300
428,2437,9.300000,0.123000,3,1,C000656,301
2434,1013,22.450000,0.145000,2,1,C000657,302
18,2063,12.550000,0.142000,1,1,C000661,303
716,1870,6.480000,0.145000,2,1,C000663,304
1807,41,17.830000,0.194000,2,1,C000671,305
1016,112,14.650000,0.049000,3,1,C000672,306
835,150,12.500000,0.120000,1,1,C000675,307
25,661,17.430000,0.154000,3,1,C000676,308
1883,303,20.400000,0.173000,2,1,C000678,309
127,15,20.680000,0.183000,2,1,C000680,310
1864,2253,6.090000,0.212000,2,1,C000682,311
1939,732,11.980000,0.036000,2,1,C000685,312
2315,2211,18.360000,0.143000,2,1,C000688,313
1683,1413,9.510000,0.165000,3,1,C000689,314
1546,1972,4.620000,0.152000,3,1,C000690,315
276,936,15.500000,0.200000,2,1,C000691,316
2329,201,17.930000,0.076000,1,1,C000693,317
1398,328,6.850000,0.148000,2,1,C000698,318
109,1627,18.510000,0.034000,2,1,C000702,319
324,410,12.410000,0.032000,1,1,C000704,320
2544,1649,22.220000,0.053000,2,1,C000706,321
1919,1178,12.410000,0.224000,2,1,C000710,322
390,1283,1.510000,0.212000,2,1,C000714,323
1655,2127,12.530000,0.249000,2,1,C000717,324
652,1229,15.940000,0.007000,3,1,C000719,325
270,1240,2.030000,0.176000,3,1,C000720,326
2011,1688,4.820000,0.020000,2,1,C000724,327
1234,1584,6.830000,0.023000,2,1,C000727,328
36,733,18.140000,0.057000,2,1,C000729,329
614,1509,4.140000,0.170000,1,1,C000730,330
2366,2411,19.740000,0.126000,1,1,C000733,331
1268,2230,4.590000,0.184000,3,1,C000734,332
1658,2232,9.910000,0.045000,2,1,C000738,333
708,1622,21.600000,0.224000,2,1,C000739,334
2496,1782,11.270000,0.054000,3,1,C000751,335
2188,341,7.580000,0.194000,3,1,C000752,336
1325,1361,17.940000,0.178000,3,1,C000753,337
2351,1820,10.050000,0.066000,2,1,C000755,338
2320,981,4.610000,0.241000,2,1,C000757,339
1675,2338,19.150000,0.084000,3,1,C000761,340
438,281,5.990000,0.077000,2,1,C000767,341
72,2541,22.150000,0.228000,2,1,C000769,342
2167,56,19.770000,0.094000,2,1,C000772,343
2202,1845,15.620000,0.095000,1,1,C000773,344
233,2528,13.730000,0.011000,3,1,C000776,345
581,2413,13.160000,0.096000,3,1,C000777,346
560,1964,6.600000,0.211000,2,1,C000778,347
650,2313,24.180000,0.224000,2,1,C000783,348
602,1184,9.510000,0.096000,2,1,C000784,349
148,812,16.200000,0.158000,3,1,C000785,350
197,2311,11.600000,0.213000,3,1,C000789,351
1347,1856,15.100000,0.151000,2,1,C000790,352
630,1390,15.850000,0.134000,1,1,C000791,353
224,2579,24.360000,0.202000,3,1,C000792,354
1540,299,19.080000,0.214000,2,1,C000795,355
1875,1861,12.370000,0.215000,2,1,C000796,356
1803,1149,19.910000,0.195000,2,1,C000798,357
901,2116,12.150000,0.058000,1,1,C000799,358
1415,663,0.820000,0.046000,3,1,C000800,359
712,2150,14.400000,0.232000,2,1,C000801,360
492,2086,21.330000,0.412000,3,2,C000803 C004356,361 1949
1487,314,18.100000,0.136000,3,1,C000807,362
788,783,13.510000,0.198000,2,1,C000809,363
1205,1302,11.140000,0.150000,2,1,C000812,364
1169,1107,16.490000,0.080000,2,1,C000813,365
1050,1757,6.070000,0.177000,2,1,C000815,366
1603,1524,12.150000,0.038000,2,1,C000817,367
1846,1661,16.780000,0.026000,2,1,C000818,368
128,1615,1.100000,0.240000,2,1,C000820,369
1905,757,2.880000,0.130000,2,1,C000821,370
746,1743,2.830000,0.124000,3,1,C000822,371
726,1013,6.080000,0.197000,2,1,C000825,372
1677,2027,3.940000,0.180000,1,1,C000827,373
66,2128,8.350000,0.159000,3,1,C000829,374
2037,2232,1.190000,0.228000,1,1,C000831,375
1173,1154,1.220000,0.038000,1,1,C000834,376
1828,1981,22.390000,0.095000,3,1,C000836,377
448,761,1.490000,0.036000,2,1,C000837,378
1409,1028,20.870000,0.228000,2,1,C000838,379
1504,1158,0.860000,0.169000,3,1,C000847,380
1004,1216,10.750000,0.151000,1,1,C000848,381
626,1209,2.550000,0.236000,1,1,C000849,382
406,1956,3.370000,0.098000,2,1,C000851,383
1797,1194,14.320000,0.052000,2,1,C000854,384
2651,1620,7.320000,0.074000,2,1,C000858,385
2622,259,20.410000,0.160000,2,1,C000865,386
2458,1908,13.720000,0.104000,3,1,C000868,387
2171,1720,19.670000,0.077000,2,1,C000871,388
1407,1655,20.290000,0.035000,2,1,C000874,389
1084,1834,15.940000,0.215000,2,1,C000875,390
1797,1460,12.140000,0.030000,2,1,C000876,391
2397,1295,3.510000,0.118000,2,1,C000878,392
434,1332,8.790000,0.011000,3,1,C000879,393
2345,2276,17.040000,0.069000,1,1,C000883,394
1547,1551,8.730000,0.047000,2,1,C000888,395
1287,1549,12.010000,0.098000,3,1,C000889,396
336,1024,21.210000,0.181000,2,1,C000893,397
1816,190,1.940000,0.182000,3,1,C000894,398
359,2586,21.450000,0.023000,2,1,C000895,399
974,1832,7.650000,0.160000,1,1,C000896,400
2392,128,24.520000,0.208000,2,1,C000897,401
2093,46,18.710000,0.139000,2,1,C000899,402
2473,1760,20.050000,0.129000,1,1,C000900,403
189,376,7.530000,0.111000,2,1,C000902,404
2134,1258,15.980000,0.100000,1,1,C000903,405
2289,1756,11.670000,0.139000,2,1,C000904,406
2189,1653,0.420000,0.185000,2,1,C000906,407
13,674,10.910000,0.069000,2,1,C000911,408
688,2518,22.880000,0.133000,2,1,C000922,409
1767,759,10.260000,0.100000,2,1,C000924,410
1242,2192,21.920000,0.021000,1,1,C000925,411
1351,1984,9.380000,0.194000,1,1,C000926,412
1249,732,13.390000,0.224000,2,1,C000927,413
39,1388,8.860000,0.143000,2,1,C000928,414
142,2318,20.550000,0.199000,2,1,C000930,415
1674,642,13.190000,0.218000,2,1,C000931,416
2496,1995,17.180000,0.034000,2,1,C000932,417
810,1773,19.450000,0.233000,3,1,C000933,418
1280,932,5.330000,0.189000,2,1,C000934,419
205,2239,16.320000,0.156000,2,1,C000935,420
1135,1529,9.550000,0.248000,2,1,C000936,421
798,1982,24.060000,0.125000,2,1,C000939,422
1639,1127,24.970000,0.248000,1,1,C000940,423
1036,1787,18.010000,0.047000,2,1,C000944,424
285,229,14.260000,0.049000,2,1,C000945,425
68,1753,22.690000,0.011000,2,1,C000947,426
1512,2459,6.870000,0.237000,2,1,C000950,427
2236,1980,2.950000,0.026000,3,1,C000951,428
1790,167,3.080000,0.007000,1,1,C000952,429
2162,679,23.040000,0.239000,1,1,C000956,430
1848,1212,9.960000,0.203000,2,1,C000957,431
589,129,13.700000,0.096000,2,1,C000958,432
927,433,10.400000,0.021000,2,1,C000959,433
456,1550,24.870000,0.008000,1,1,C000961,434
452,1063,14.200000,0.035000,2,1,C000963,435
2230,2319,15.180000,0.063000,1,1,C000964,436
1313,1456,16.650000,0.118000,1,1,C000966,437
2635,2027,24.620000,0.201000,3,1,C000968,438
294,1648,21.950000,0.098000,1,1,C000970,439
2369,1031,11.510000,0.100000,2,1,C000973,440
547,2219,15.050000,0.015000,2,1,C000976,441
124,1104,22.430000,0.212000,2,1,C000978,442
2380,1066,20.120000,0.008000,1,1,C000979,443
120,327,9.600000,0.040000,2,1,C000981,444
776,1636,17.450000,0.008000,2,1,C000983,445
1634,2492,11.120000,0.069000,2,1,C000984,446
2276,73,13.920000,0.158000,2,1,C000986,447
1092,510,5.070000,0.172000,3,1,C000987,448
2615,1025,14.300000,0.182000,2,1,C000988,449
2234,630,22.750000,0.189000,1,1,C000990,450
1794,895,11.560000,0.113000,2,1,C000992,451
278,862,13.560000,0.212000,2,1,C000994,452
532,1450,24.950000,0.241000,3,1,C000996,453
2482,823,14.580000,0.020000,2,1,C000998,454
1734,680,20.600000,0.007000,2,1,C000999,455
288,1662,19.050000,0.144000,1,1,C001000,456
1726,1356,13.760000,0.068000,2,1,C001001,457
2051,2281,7.760000,0.073000,2,1,C001003,458
222,1072,17.080000,0.097000,2,1,C001006,459
1946,1048,20.180000,0.031000,2,1,C001007,460
1630,776,12.500000,0.024000,1,1,C001010,461
983,2379,1.290000,0.172000,1,1,C001012,462
1946,558,19.250000,0.167000,2,1,C001013,463
1247,228,19.290000,0.039000,2,1,C001015,464
1235,714,19.490000,0.115000,2,1,C001019,465
426,689,10.550000,0.105000,2,1,C001020,466
2313,2440,19.580000,0.055000,3,1,C001024,467
2083,498,10.560000,0.123000,1,1,C001025,468
520,1220,5.120000,0.226000,2,1,C001027,469
1758,213,16.290000,0.211000,1,1,C001028,470
2408,2097,23.490000,0.225000,2,1,C001029,471
2305,2263,0.760000,0.245000,3,1,C001031,472
1266,1861,19.550000,0.223000,2,1,C001032,473
298,70,15.880000,0.240000,1,1,C001033,474
507,256,3.120000,0.061000,3,1,C001034,475
616,595,13.880000,0.060000,3,1,C001035,476
204,57,17.040000,0.097000,2,1,C001038,477
1883,2490,13.920000,0.207000,2,1,C001040,478
51,881,9.450000,0.192000,2,1,C001041,479
133,2235,19.250000,0.006000,2,1,C001044,480
27,1650,4.400000,0.190000,2,1,C001046,481
1761,1575,1.970000,0.202000,3,1,C001049,482
2223,316,14.590000,0.197000,1,1,C001050,483
141,1162,17.460000,0.186000,2,1,C001052,484
1860,2370,17.010000,0.136000,1,1,C001054,485
2518,1038,15.410000,0.137000,2,1,C001056,486
1531,1215,1.230000,0.174000,2,1,C001057,487
1350,2389,19.190000,0.042000,3,1,C001058,488
219,1288,1.630000,0.021000,2,1,C001059,489
2066,885,19.210000,0.045000,1,1,C001060,490
2147,73,1.860000,0.164000,2,1,C001065,491
702,1594,5.220000,0.079000,3,1,C001066,492
1440,2042,11.360000,0.048000,1,1,C001070,493
1902,1361,9.180000,0.116000,1,1,C001071,494
2061,1143,1.500000,0.152000,3,1,C001072,495
2224,1937,14.890000,0.137000,2,1,C001073,496
110,1618,17.080000,0.030000,2,1,C001075,497
1794,1992,16.740000,0.179000,2,1,C001078,498
1091,155,24.080000,0.187000,1,1,C001081,499
1695,2171,13.550000,0.055000,1,1,C001082,500
1878,1988,7.830000,0.116000,2,1,C001084,501
1664,884,24.710000,0.247000,3,1,C001086,502
1741,1360,21.670000,0.228000,1,1,C001087,503
601,687,9.740000,0.231000,2,1,C001091,504
25,2241,5.850000,0.209000,2,1,C001092,505
1337,159,4.320000,0.063000,2,1,C001093,506
1408,2471,9.320000,0.063000,2,1,C001095,507
1383,1298,21.420000,0.039000,1,1,C001096,508
314,1901,20.140000,0.069000,2,1,C001098,509
802,636,24.790000,0.063000,2,1,C001100,510
1464,640,13.420000,0.059000,3,1,C001101,511
2621,803,16.600000,0.163000,2,1,C001103,512
1030,480,5.770000,0.226000,2,1,C001105,513
752,314,23.120000,0.213000,3,1,C001106,514
463,829,21.080000,0.029000,2,1,C001107,515
557,1992,13.960000,0.140000,2,1,C001108,516
2445,132,9.730000,0.142000,2,1,C001113,517
842,2556,3.490000,0.153000,2,1,C001114,518
850,1799,22.230000,0.206000,3,1,C001119,519
358,710,21.900000,0.158000,1,1,C001120,520
619,513,19.690000,0.173000,2,1,C001122,521
498,1852,19.560000,0.193000,3,1,C001123,522
1109,2548,11.500000,0.181000,2,1,C001127,523
431,2402,13.970000,0.026000,2,1,C001128,524
2347,1084,7.060000,0.200000,2,1,C001129,525
1676,1459,13.160000,0.194000,3,1,C001130,526
2025,2272,23.980000,0.097000,1,1,C001131,527
1150,1424,11.540000,0.139000,1,1,C001132,528
1376,871,21.010000,0.190000,1,1,C001136,529
217,78,7.490000,0.086000,3,1,C001144,530
2096,1683,24.440000,0.208000,1,1,C001147,531
1183,1478,13.920000,0.025000,2,1,C001149,532
1103,725,4.270000,0.020000,2,1,C001152,533
2389,1460,18.430000,0.052000,2,1,C001153,534
1664,1152,11.260000,0.227000,1,1,C001155,535
1705,230,23.960000,0.034000,2,1,C001157,536
2413,29,5.760000,0.177000,2,1,C001159,537
737,1875,8.030000,0.097000,1,1,C001165,538
488,540,0.530000,0.079000,2,1,C001166,539
1320,1712,20.590000,0.231000,2,1,C001167,540
1480,1668,14.530000,0.030000,2,1,C001168,541
436,1202,12.950000,0.079000,2,1,C001169,542
2363,296,23.290000,0.140000,2,1,C001171,543
1364,918,14.700000,0.035000,2,1,C001172,544
217,2041,7.860000,0.100000,2,1,C001174,545
164,2103,4.220000,0.083000,2,1,C001175,546
1979,1004,13.570000,0.090000,3,1,C001179,547
643,1876,3.670000,0.162000,1,1,C001180,548
1319,2613,11.790000,0.181000,3,1,C001181,549
1509,1644,10.250000,0.216000,2,1,C001182,550
49,1871,4.710000,0.118000,2,1,C001183,551
1526,1671,16.360000,0.221000,2,1,C001184,552
1424,1495,9.350000,0.194000,2,1,C001185,553
0,392,17.330000,0.047000,1,1,C001186,554
1609,2088,21.240000,0.152000,2,1,C001187,555
2158,720,4.290000,0.236000,1,1,C001188,556
47,44,1.370000,0.194000,3,1,C001190,557
1979,1520,19.110000,0.057000,2,1,C001193,558
194,2469,3.210000,0.049000,2,1,C001195,559
2407,2478,6.020000,0.181000,2,1,C001197,560
1187,890,20.610000,0.046000,3,1,C001200,561
721,228,22.030000,0.076000,1,1,C001206,562
71,468,2.540000,0.142000,2,1,C001208,563
497,91,4.670000,0.206000,1,1,C001211,564
547,2064,23.470000,0.169000,2,1,C001213,565
2416,1782,7.320000,0.143000,2,1,C001217,566
647,1392,14.690000,0.204000,1,1,C001218,567
1454,1165,12.360000,0.193000,2,1,C001222,568
203,2030,14.150000,0.161000,3,1,C001225,569
117,2513,3.650000,0.139000,3,1,C001226,570
2113,1148,17.200000,0.171000,1,1,C001232,571
2345,2202,5.540000,0.025000,2,1,C001237,572
1902,1843,4.140000,0.196000,2,1,C001239,573
616,1933,4.920000,0.121000,1,1,C001240,574
2582,1299,5.510000,0.148000,3,1,C001243,575
1180,348,10.260000,0.205000,1,1,C001245,576
1778,1109,9.160000,0.084000,2,1,C001246,577
1047,1117,6.540000,0.036000,2,1,C001250,578
443,1235,22.890000,0.024000,1,1,C001251,579
2508,2172,8.970000,0.176000,1,1,C001252,580
1256,1781,15.390000,0.018000,3,1,C001253,581
296,583,2.110000,0.018000,2,1,C001254,582
1906,444,6.430000,0.132000,1,1,C001255,583
2617,1550,10.610000,0.006000,2,1,C001257,584
1050,1699,11.740000,0.093000,2,1,C001258,585
303,1622,18.130000,0.217000,1,1,C001260,586
1825,998,10.430000,0.223000,2,1,C001263,587
1849,158,0.570000,0.221000,3,1,C001265,588
511,71,2.120000,0.108000,2,1,C001268,589
2204,104,12.780000,0.211000,3,1,C001269,590
2033,1961,22.110000,0.247000,2,1,C001274,591
2023,1584,7.820000,0.152000,2,1,C001281,592
2583,1563,22.310000,0.150000,1,1,C001282,593
1766,1852,15.740000,0.042000,2,1,C001284,594
23,652,4.490000,0.021000,1,1,C001286,595
1839,201,16.750000,0.029000,2,1,C001288,596
2269,741,13.570000,0.119000,3,1,C001289,597
1219,1749,19.730000,0.146000,2,1,C001290,598
2195,26,17.640000,0.127000,1,1,C001294,599
201,1931,22.570000,0.085000,2,1,C001295,600
1749,2348,2.990000,0.024000,1,1,C001296,601
2011,1074,23.890000,0.018000,2,1,C001298,602
1571,1256,6.880000,0.223000,3,1,C001299,603
265,85,8.710000,0.101000,2,1,C001301,604
1240,1271,19.250000,0.102000,2,1,C001304,605
1293,1056,16.060000,0.132000,2,1,C001305,606
664,523,5.100000,0.158000,2,1,C001309,607
581,1266,10.240000,0.143000,3,1,C001311,608
484,2336,20.420000,0.244000,1,1,C001312,609
412,1258,20.150000,0.009000,2,1,C001313,610
1510,2381,22.280000,0.161000,2,1,C001314,611
2139,1151,11.460000,0.013000,1,1,C001318,612
2025,217,5.550000,0.127000,1,1,C001319,613
2005,656,24.300000,0.191000,2,1,C001323,614
1275,9,22.080000,0.100000,1,1,C001326,615
141,2362,9.170000,0.242000,2,1,C001327,616
540,421,4.550000,0.093000,3,1,C001328,617
860,66,19.410000,0.248000,2,1,C001330,618
787,2031,11.240000,0.149000,2,1,C001331,619
94,2138,9.970000,0.175000,2,1,C001336,620
1701,705,7.630000,0.136000,3,1,C001337,621
584,2464,5.630000,0.091000,1,1,C001338,622
147,1008,24.120000,0.226000,3,1,C001342,623
713,1932,7.250000,0.208000,2,1,C001345,624
751,1596,11.850000,0.174000,2,1,C001348,625
2401,462,1.520000,0.055000,2,1,C001349,626
1017,966,3.780000,0.108000,2,1,C001357,627
1723,1933,2.310000,0.031000,2,1,C001358,628
1048,1236,14.070000,0.081000,2,1,C001359,629
1055,269,23.180000,0.195000,3,1,C001360,630
1163,1945,7.240000,0.154000,2,1,C001361,631
509,1428,8.350000,0.229000,1,1,C001364,632
1587,2061,12.870000,0.036000,1,1,C001365,633
1985,5,16.670000,0.106000,2,1,C001368,634
2023,1321,6.270000,0.131000,1,1,C001370,635
629,882,23.530000,0.226000,2,1,C001372,636
2576,617,8.140000,0.105000,2,1,C001376,637
1324,2089,12.030000,0.082000,2,1,C001378,638
1326,1293,8.500000,0.242000,3,1,C001382,639
552,347,8.770000,0.137000,2,1,C001385,640
2629,133,17.130000,0.229000,1,1,C001388,641
771,939,15.090000,0.044000,1,1,C001389,642
477,1917,4.530000,0.082000,1,1,C001391,643
103,1692,18.210000,0.139000,3,1,C001394,644
637,1000,22.050000,0.061000,2,1,C001397,645
621,527,12.900000,0.114000,2,1,C001403,646
449,284,13.950000,0.181000,2,1,C001405,647
122,153,10.440000,0.113000,1,1,C001409,648
432,1693,2.620000,0.220000,2,1,C001412,649
1650,556,19.830000,0.095000,2,1,C001417,650
1816,2142,21.930000,0.217000,2,1,C001419,651
1059,2372,13.920000,0.043000,2,1,C001423,652
1915,1408,5.410000,0.087000,2,1,C001426,653
1867,1826,20.190000,0.040000,3,1,C001430,654
2423,132,24.570000,0.217000,2,1,C001431,655
2549,2395,10.550000,0.183000,2,1,C001433,656
1038,2195,20.030000,0.102000,1,1,C001434,657
1019,1667,20.890000,0.200000,2,1,C001435,658
1968,249,6.950000,0.020000,3,1,C001437,659
1264,152,0.990000,0.192000,1,1,C001439,660
1189,2320,11.440000,0.074000,3,1,C001443,661
2571,560,2.690000,0.187000,2,1,C001445,662
45,1984,4.030000,0.130000,3,1,C001451,663
1990,788,13.050000,0.024000,2,1,C001452,664
220,2420,5.510000,0.157000,2,1,C001454,665
735,627,4.160000,0.129000,2,1,C001459,666
1045,1474,7.730000,0.153000,2,1,C001462,667
681,2510,3.230000,0.098000,1,1,C001463,668
1082,340,3.860000,0.012000,2,1,C001464,669
1472,765,14.940000,0.094000,2,1,C001467,670
292,987,21.820000,0.103000,3,1,C001468,671
2141,430,21.730000,0.008000,2,1,C001469,672
1808,1443,21.610000,0.027000,3,1,C001471,673
2148,1085,2.500000,0.094000,1,1,C001473,674
674,2464,7.540000,0.209000,2,1,C001476,675
1737,2383,14.410000,0.092000,2,1,C001477,676
424,1476,14.460000,0.208000,1,1,C001482,677
152,1523,7.430000,0.237000,1,1,C001485,678
1653,1981,5.020000,0.027000,2,1,C001486,679
2166,1913,11.590000,0.160000,1,1,C001487,680
1712,1360,24.220000,0.150000,3,1,C001490,681
685,53,4.770000,0.148000,2,1,C001492,682
2362,1,22.190000,0.043000,3,1,C001493,683
647,493,24.660000,0.066000,2,1,C001494,684
1826,2386,10.260000,0.117000,2,1,C001497,685
2276,2164,20.740000,0.091000,2,1,C001498,686
1376,1640,0.890000,0.018000,3,1,C001500,687
1403,1086,7.880000,0.128000,2,1,C001502,688
1796,2495,15.290000,0.145000,2,1,C001506,689
920,39,20.840000,0.212000,2,1,C001507,690
1764,1002,19.960000,0.192000,2,1,C001508,691
883,1407,0.590000,0.099000,1,1,C001511,692
2,2591,6.150000,0.249000,1,1,C001512,693
1495,412,20.130000,0.144000,2,1,C001513,694
2585,1858,15.070000,0.120000,1,1,C001521,695
972,1895,24.280000,0.036000,2,1,C001522,696
665,1688,12.270000,0.047000,3,1,C001524,697
2072,290,11.650000,0.081000,2,1,C001527,698
546,209,3.100000,0.245000,2,1,C001530,699
856,2160,3.530000,0.143000,2,1,C001531,700
256,685,16.780000,0.029000,2,1,C001533,701
2006,2331,6.380000,0.173000,1,1,C001534,702
1082,1037,0.460000,0.079000,1,1,C001536,703
271,719,12.440000,0.085000,2,1,C001540,704
935,2313,15.070000,0.115000,2,1,C001543,705
1552,2354,11.790000,0.203000,2,1,C001545,706
2123,2514,15.370000,0.201000,2,1,C001546,707
17,1233,2.320000,0.225000,2,1,C001548,708
1296,1498,22.820000,0.124000,2,1,C001549,709
2243,319,12.060000,0.097000,2,1,C001550,710
389,937,2.620000,0.202000,2,1,C001551,711
340,984,1.530000,0.222000,1,1,C001552,712
483,1003,10.740000,0.149000,2,1,C001554,713
116,305,6.030000,0.161000,3,1,C001555,714
2018,991,6.000000,0.168000,2,1,C001557,715
2095,1117,16.410000,0.100000,2,1,C001559,716
1286,1134,3.080000,0.175000,2,1,C001562,717
1033,1660,5.120000,0.196000,3,1,C001563,718
692,1960,22.040000,0.188000,2,1,C001564,719
938,1796,17.430000,0.045000,2,1,C001565,720
790,330,19.180000,0.165000,2,1,C001568,721
2266,2596,5.800000,0.052000,3,1,C001573,722
1737,1082,14.820000,0.239000,2,1,C001575,723
2206,2342,16.800000,0.170000,1,1,C001576,724
89,1575,2.920000,0.074000,1,1,C001581,725
72,2457,8.410000,0.035000,2,1,C001582,726
576,2369,20.600000,0.239000,2,1,C001583,727
1393,238,22.770000,0.203000,3,1,C001587,728
1700,2033,20.390000,0.124000,2,1,C001589,729
705,851,15.450000,0.103000,2,1,C001590,730
235,2406,16.600000,0.054000,1,1,C001595,731
746,498,9.550000,0.023000,1,1,C001598,732
1843,2454,22.610000,0.210000,1,1,C001602,733
1533,144,10.150000,0.102000,1,1,C001603,734
468,2571,19.950000,0.131000,2,1,C001607,735
2165,1724,3.280000,0.017000,2,1,C001610,736
1758,1025,22.440000,0.029000,3,1,C001611,737
855,2543,11.500000,0.091000,2,1,C001612,738
2148,1450,10.820000,0.124000,2,1,C001613,739
2651,2547,7.370000,0.221000,2,1,C001614,740
1635,864,2.580000,0.026000,2,1,C001615,741
793,2028,24.480000,0.051000,1,1,C001616,742
2611,2134,8.370000,0.179000,1,1,C001618,743
459,983,17.490000,0.155000,2,1,C001622,744
2540,865,10.460000,0.188000,3,1,C001625,745
1526,1523,12.260000,0.248000,2,1,C001628,746
2440,2136,8.480000,0.119000,3,1,C001629,747
1891,391,14.160000,0.028000,2,1,C001633,748
2620,38,14.410000,0.238000,2,1,C001635,749
2190,1001,15.040000,0.127000,2,1,C001636,750
379,2546,0.790000,0.104000,2,1,C001638,751
371,2129,9.250000,0.018000,1,1,C001639,752
1147,200,5.490000,0.046000,3,1,C001641,753
1401,2263,17.040000,0.035000,2,1,C001644,754
440,1581,12.760000,0.145000,2,1,C001649,755
2324,2159,18.570000,0.063000,2,1,C001651,756
2063,2360,14.350000,0.014000,2,1,C001654,757
641,87,23.790000,0.217000,3,1,C001659,758
2591,2469,0.840000,0.223000,2,1,C001660,759
249,394,5.130000,0.057000,2,1,C001662,760
1062,2101,24.200000,0.041000,2,1,C001664,761
2158,843,21.570000,0.177000,1,1,C001666,762
1653,2305,20.620000,0.163000,2,1,C001675,763
1930,1214,13.150000,0.224000,3,1,C001677,764
2222,2127,21.170000,0.113000,1,1,C001678,765
2321,2520,14.620000,0.228000,2,1,C001679,766
2512,380,0.930000,0.125000,2,1,C001680,767
877,2408,20.690000,0.225000,2,1,C001682,768
2443,1537,18.520000,0.098000,1,1,C001684,769
1922,2386,1.800000,0.098000,3,1,C001686,770
203,2037,20.340000,0.072000,2,1,C001687,771
806,806,17.360000,0.134000,2,1,C001689,772
73,1253,24.420000,0.155000,3,1,C001691,773
1247,551,1.270000,0.223000,2,1,C001693,774
463,1179,6.850000,0.241000,1,1,C001694,775
2146,1853,13.160000,0.154000,1,1,C001697,776
568,2107,7.160000,0.196000,3,1,C001702,777
658,1058,21.510000,0.250000,1,1,C001703,778
735,1436,10.920000,0.177000,2,1,C001706,779
2369,452,11.870000,0.138000,2,1,C001708,780
551,139,10.380000,0.127000,1,1,C001709,781
1050,2002,9.830000,0.140000,2,1,C001710,782
715,1983,24.020000,0.013000,3,1,C001714,783
2125,2081,10.230000,0.046000,2,1,C001715,784
786,1688,1.560000,0.219000,2,1,C001717,785
776,100,9.730000,0.243000,2,1,C001718,786
386,1811,3.030000,0.032000,2,1,C001719,787
1892,1359,18.200000,0.032000,2,1,C001722,788
1730,1466,6.770000,0.051000,2,1,C001725,789
942,2520,14.160000,0.232000,1,1,C001726,790
2495,2210,3.260000,0.179000,2,1,C001729,791
331,2489,17.810000,0.167000,2,1,C001732,792
1093,1465,9.790000,0.087000,2,1,C001735,793
1067,2183,18.730000,0.196000,3,1,C001736,794
2523,1332,19.140000,0.081000,1,1,C001737,795
2486,1814,21.030000,0.185000,2,1,C001741,796
2145,1930,0.920000,0.143000,2,1,C001748,797
84,1535,8.310000,0.222000,1,1,C001750,798
2347,1741,2.650000,0.069000,1,1,C001755,799
2370,1664,1.050000,0.227000,3,1,C001758,800
1894,663,20.820000,0.054000,2,1,C001761,801
1937,862,22.980000,0.238000,1,1,C001762,802
2287,1479,7.030000,0.210000,2,1,C001763,803
13,1157,15.910000,0.031000,1,1,C001765,804
366,2120,3.340000,0.108000,3,1,C001766,805
2320,2257,9.440000,0.075000,2,1,C001767,806
857,36,19.410000,0.020000,3,1,C001768,807
935,873,21.670000,0.082000,2,1,C001769,808
1322,2326,6.390000,0.146000,2,1,C001771,809
295,1425,8.290000,0.247000,1,1,C001772,810
1612,2082,10.060000,0.065000,2,1,C001774,811
1530,2565,18.500000,0.133000,3,1,C001775,812
1375,712,21.400000,0.038000,2,1,C001779,813
1799,1398,15.140000,0.031000,1,1,C001780,814
2216,389,9.480000,0.134000,1,1,C001781,815
2562,1962,12.940000,0.037000,2,1,C001783,816
645,1129,2.610000,0.239000,2,1,C001784,817
777,532,3.450000,0.119000,2,1,C001787,818
1051,1263,18.610000,0.083000,2,1,C001788,819
491,2010,6.550000,0.039000,2,1,C001789,820
942,2091,13.100000,0.185000,1,1,C001791,821
1394,2115,23.030000,0.238000,1,1,C001792,822
1040,2109,9.070000,0.200000,3,1,C001796,823
1984,2412,16.690000,0.121000,1,1,C001797,824
68,969,15.060000,0.190000,2,1,C001801,825
751,1377,1.970000,0.069000,2,1,C001803,826
691,724,20.060000,0.034000,3,1,C001806,827
1601,152,3.810000,0.168000,2,1,C001809,828
1467,2084,3.970000,0.089000,2,1,C001811,829
2208,1054,7.100000,0.045000,1,1,C001812,830
1727,1411,12.070000,0.047000,3,1,C001813,831
613,953,20.990000,0.121000,2,1,C001814,832
878,796,19.400000,0.238000,2,1,C001815,833
1639,873,4.150000,0.108000,2,1,C001817,834
2173,1824,21.570000,0.249000,2,1,C001819,835
764,2524,1.590000,0.097000,3,1,C001822,836
1170,2163,17.120000,0.035000,3,1,C001823,837
989,1400,14.030000,0.036000,1,1,C001831,838
1852,2136,23.460000,0.036000,3,1,C001832,839
1381,291,7.230000,0.108000,2,1,C001834,840
476,599,7.380000,0.173000,3,1,C001843,841
1500,1943,24.800000,0.078000,3,1,C001845,842
1420,2568,8.390000,0.132000,2,1,C001849,843
2227,261,16.460000,0.006000,2,1,C001851,844
60,1182,6.710000,0.125000,1,1,C001853,845
570,2025,7.780000,0.212000,1,1,C001855,846
668,1196,6.780000,0.183000,3,1,C001856,847
1948,427,9.210000,0.132000,3,1,C001859,848
2495,1775,24.970000,0.005000,3,1,C001861,849
1147,630,3.420000,0.217000,1,1,C001867,850
1885,1999,14.180000,0.179000,2,1,C001869,851
2086,1169,15.060000,0.211000,2,1,C001872,852
2116,493,18.200000,0.157000,1,1,C001875,853
1260,2039,3.000000,0.123000,2,1,C001878,854
1061,2231,15.930000,0.166000,3,1,C001879,855
861,1028,11.240000,0.117000,1,1,C001880,856
472,1667,6.770000,0.057000,3,1,C001882,857
1537,1108,19.230000,0.179000,2,1,C001884,858
1438,1725,24.660000,0.209000,1,1,C001885,859
2197,1151,21.610000,0.014000,2,1,C001886,860
739,1716,3.710000,0.151000,2,1,C001890,861
1746,205,21.230000,0.045000,1,1,C001891,862
1581,219,20.660000,0.054000,3,1,C001893,863
955,245,2.520000,0.058000,2,1,C001896,864
2284,1436,17.000000,0.225000,2,1,C001899,865
476,1161,20.140000,0.234000,1,1,C001900,866
268,2253,2.910000,0.051000,2,1,C001901,867
112,882,17.230000,0.104000,3,1,C001904,868
2362,2168,0.540000,0.195000,2,1,C001907,869
682,927,1.220000,0.039000,2,1,C001910,870
1288,389,14.620000,0.181000,1,1,C001914,871
2568,462,10.410000,0.191000,1,1,C001915,872
2348,947,11.430000,0.090000,1,1,C001916,873
1158,267,1.910000,0.067000,2,1,C001917,874
637,861,17.350000,0.155000,1,1,C001918,875
1804,1264,16.350000,0.207000,2,1,C001919,876
33,1369,17.590000,0.141000,2,1,C001925,877
1528,737,22.200000,0.133000,1,1,C001928,878
880,1905,7.630000,0.069000,1,1,C001929,879
1698,2393,17.200000,0.178000,3,1,C001938,880
259,2381,21.250000,0.038000,1,1,C001941,881
840,1054,21.110000,0.073000,3,1,C001946,882
612,130,24.100000,0.113000,2,1,C001947,883
2239,1791,15.160000,0.008000,3,1,C001952,884
247,839,9.970000,0.119000,2,1,C001954,885
1887,1563,10.140000,0.080000,2,1,C001959,886
1581,1599,18.690000,0.121000,2,1,C001960,887
350,440,7.420000,0.231000,2,1,C001961,888
2381,164,7.670000,0.031000,1,1,C001962,889
393,636,15.940000,0.168000,1,1,C001964,890
1384,2400,0.380000,0.007000,1,1,C001965,891
1204,854,11.810000,0.116000,2,1,C001966,892
2262,430,10.710000,0.222000,2,1,C001967,893
415,1972,2.950000,0.012000,2,1,C001968,894
562,852,12.630000,0.166000,2,1,C001971,895
1405,1655,14.550000,0.049000,1,1,C001972,896
1784,1755,22.220000,0.239000,1,1,C001974,897
32,547,21.220000,0.092000,1,1,C001977,898
1439,1352,20.030000,0.207000,2,1,C001978,899
2481,851,22.730000,0.025000,2,1,C001979,900
1971,1308,15.890000,0.131000,2,1,C001980,901
540,2525,21.490000,0.175000,2,1,C001981,902
1916,562,18.820000,0.171000,2,1,C001983,903
2157,415,3.280000,0.075000,2,1,C001984,904
205,1607,5.270000,0.228000,1,1,C001986,905
1187,1775,15.240000,0.033000,2,1,C001987,906
2643,1915,1.560000,0.102000,3,1,C001989,907
1133,2341,15.070000,0.227000,2,1,C001990,908
1959,1419,6.130000,0.076000,3,1,C001996,909
2294,2011,2.390000,0.028000,3,1,C001998,910
1360,299,20.640000,0.188000,2,1,C002000,911
1563,2101,4.990000,0.236000,2,1,C002001,912
2197,2524,6.540000,0.235000,2,1,C002002,913
2319,2351,7.080000,0.131000,2,1,C002003,914
1215,122,9.460000,0.040000,2,1,C002008,915
113,1320,20.670000,0.212000,1,1,C002010,916
104,2488,4.550000,0.033000,2,1,C002011,917
39,2096,7.010000,0.086000,2,1,C002012,918
931,1732,18.070000,0.137000,2,1,C002018,919
1984,448,15.360000,0.089000,2,1,C002022,920
964,1553,0.910000,0.195000,1,1,C002023,921
222,1886,4.930000,0.186000,2,1,C002027,922
1322,2096,9.780000,0.152000,1,1,C002029,923
724,1064,9.170000,0.074000,1,1,C002032,924
1113,1194,14.850000,0.026000,2,1,C002034,925
1299,887,15.520000,0.125000,2,1,C002035,926
1233,2525,12.030000,0.035000,2,1,C002037,927
122,573,22.880000,0.027000,3,1,C002041,928
567,250,14.560000,0.170000,2,1,C002043,929
583,1510,19.000000,0.116000,2,1,C002047,930
2380,631,15.990000,0.144000,2,1,C002048,931
209,501,4.710000,0.007000,2,1,C002054,932
2070,481,18.230000,0.217000,2,1,C002055,933
1784,2064,5.060000,0.214000,2,1,C002056,934
2049,1531,6.560000,0.206000,3,1,C002058,935
1063,1624,10.260000,0.142000,2,1,C002061,936
802,1940,23.950000,0.056000,2,1,C002063,937
1372,2457,14.600000,0.023000,3,1,C002064,938
578,1403,8.180000,0.129000,2,1,C002065,939
1105,2170,10.960000,0.105000,2,1,C002069,940
2326,1058,22.490000,0.223000,3,1,C002070,941
977,1540,21.330000,0.053000,2,1,C002072,942
1885,2062,13.810000,0.136000,1,1,C002074,943
2054,295,23.490000,0.113000,2,1,C002076,944
2557,2255,16.090000,0.081000,2,1,C002080,945
257,1990,10.200000,0.118000,1,1,C002081,946
1026,322,4.090000,0.217000,3,1,C002082,947
2586,504,13.770000,0.208000,2,1,C002083,948
2551,1150,24.810000,0.235000,1,1,C002087,949
726,239,3.430000,0.190000,2,1,C002088,950
1580,1108,4.940000,0.017000,1,1,C002089,951
1962,2517,2.600000,0.236000,2,1,C002090,952
997,2397,2.410000,0.103000,2,1,C002093,953
879,2184,17.710000,0.029000,2,1,C002094,954
1043,2473,12.160000,0.150000,3,1,C002095,955
1183,1405,19.520000,0.206000,2,1,C002098,956
1504,218,9.870000,0.220000,3,1,C002102,957
76,2582,6.940000,0.167000,2,1,C002104,958
2100,412,16.410000,0.046000,2,1,C002106,959
851,1942,20.040000,0.019000,2,1,C002107,960
1222,1727,3.830000,0.097000,2,1,C002108,961
2098,2348,23.490000,0.158000,1,1,C002109,962
237,1847,10.310000,0.143000,2,1,C002110,963
2160,1317,12.740000,0.062000,2,1,C002111,964
98,489,3.370000,0.119000,2,1,C002114,965
13,1230,21.250000,0.052000,1,1,C002115,966
945,2575,8.730000,0.100000,2,1,C002118,967
1492,1960,17.400000,0.062000,2,1,C002124,968
1385,1993,19.180000,0.021000,2,1,C002125,969
413,1443,15.040000,0.236000,2,1,C002126,970
2319,1164,17.600000,0.102000,2,1,C002128,971
1531,1768,9.040000,0.078000,1,1,C002129,972
580,1516,10.400000,0.153000,2,1,C002131,973
744,102,0.370000,0.021000,1,1,C002133,974
2017,1409,22.020000,0.162000,1,1,C002136,975
623,2050,6.740000,0.147000,1,1,C002138,976
206,146,2.080000,0.188000,2,1,C002139,977
1702,2433,22.990000,0.063000,2,1,C002143,978
1723,793,18.650000,0.025000,2,1,C002147,979
965,390,11.020000,0.155000,3,1,C002148,980
1989,2105,10.900000,0.123000,2,1,C002152,981
1400,1569,21.060000,0.062000,2,1,C002154,982
1786,909,9.620000,0.046000,2,1,C002159,983
1975,2498,16.240000,0.042000,3,1,C002160,984
1891,2348,4.230000,0.131000,2,1,C002161,985
933,339,15.070000,0.237000,2,1,C002163,986
1606,2141,16.850000,0.166000,2,1,C002165,987
938,714,11.930000,0.078000,1,1,C002166,988
2234,1649,12.810000,0.061000,2,1,C002167,989
2527,26,3.750000,0.191000,2,1,C002168,990
968,474,16.540000,0.118000,2,1,C002169,991
1161,2569,23.810000,0.094000,2,1,C002170,992
2459,2553,12.280000,0.024000,2,1,C002172,993
1158,814,23.990000,0.235000,1,1,C002178,994
1358,1840,5.540000,0.074000,2,1,C002179,995
602,1860,23.560000,0.157000,2,1,C002183,996
959,345,12.490000,0.121000,2,1,C002188,997
1849,2088,3.170000,0.122000,2,1,C002192,998
1510,702,13.970000,0.186000,1,1,C002200,999
2522,440,2.500000,0.171000,2,1,C002201,1000
292,2313,15.140000,0.146000,3,1,C002203,1001
2299,1682,11.940000,0.216000,2,1,C002204,1002
278,928,3.930000,0.161000,3,1,C002205,1003
1989,866,8.320000,0.200000,2,1,C002206,1004
1985,1415,10.260000,0.190000,2,1,C002207,1005
1813,2204,16.460000,0.135000,2,1,C002209,1006
1219,2314,16.380000,0.108000,1,1,C002211,1007
1051,2413,16.390000,0.083000,2,1,C002212,1008
1464,94,0.710000,0.026000,2,1,C002217,1009
1683,1070,6.670000,0.037000,1,1,C002218,1010
2392,709,15.810000,0.148000,2,1,C002220,1011
1090,2198,24.790000,0.038000,2,1,C002221,1012
265,195,14.490000,0.194000,3,1,C002222,1013
986,2132,19.070000,0.236000,1,1,C002225,1014
2004,335,11.120000,0.212000,2,1,C002226,1015
16,129,7.100000,0.126000,2,1,C002227,1016
153,649,0.420000,0.234000,3,1,C002228,1017
862,1131,12.720000,0.227000,1,1,C002229,1018
1231,843,7.640000,0.234000,1,1,C002230,1019
478,177,23.970000,0.141000,2,1,C002233,1020
2385,556,0.620000,0.051000,2,1,C002234,1021
435,890,2.660000,0.143000,2,1,C002235,1022
474,579,7.240000,0.156000,2,1,C002238,1023
1716,113,14.390000,0.239000,2,1,C002239,1024
1269,832,22.750000,0.153000,2,1,C002241,1025
328,1424,2.400000,0.201000,2,1,C002243,1026
1353,1802,4.300000,0.227000,2,1,C002245,1027
202,1256,15.200000,0.031000,3,1,C002246,1028
126,1332,7.040000,0.207000,3,1,C002247,1029
1310,1740,13.340000,0.181000,2,1,C002251,1030
1212,2563,13.940000,0.221000,3,1,C002252,1031
83,2554,8.820000,0.066000,2,1,C002255,1032
1711,2301,18.590000,0.017000,2,1,C002258,1033
41,2531,16.480000,0.224000,2,1,C002259,1034
1141,289,0.860000,0.030000,2,1,C002260,1035
1190,1925,20.780000,0.160000,1,1,C002261,1036
1026,124,4.940000,0.118000,2,1,C002262,1037
2047,1383,19.920000,0.154000,2,1,C002265,1038
808,404,23.320000,0.233000,1,1,C002268,1039
435,2010,14.570000,0.165000,2,1,C002270,1040
2146,1081,18.070000,0.045000,1,1,C002271,1041
595,1168,18.690000,0.141000,2,1,C002273,1042
1163,30,15.450000,0.247000,1,1,C002274,1043
990,316,21.630000,0.043000,1,1,C002275,1044
14,2470,19.200000,0.197000,1,1,C002277,1045
954,1010,11.830000,0.248000,3,1,C002279,1046
1360,2462,6.960000,0.143000,2,1,C002281,1047
989,1093,21.040000,0.224000,2,1,C002282,1048
2596,1413,5.280000,0.026000,3,1,C002283,1049
1412,1676,2.440000,0.208000,2,1,C002284,1050
423,1955,22.100000,0.188000,1,1,C002292,1051
1357,253,14.290000,0.129000,2,1,C002294,1052
2414,2496,12.080000,0.060000,2,1,C002295,1053
808,561,7.030000,0.133000,2,1,C002300,1054
477,1041,14.130000,0.125000,2,1,C002301,1055
1808,193,5.500000,0.229000,3,1,C002304,1056
431,1906,12.120000,0.153000,2,1,C002307,1057
1463,455,3.480000,0.095000,3,1,C002310,1058
619,1503,3.700000,0.037000,1,1,C002311,1059
1988,1158,11.700000,0.050000,3,1,C002314,1060
374,602,16.290000,0.222000,2,1,C002315,1061
1527,2,15.810000,0.021000,3,1,C002320,1062
1105,2121,3.590000,0.083000,1,1,C002322,1063
1549,2434,23.200000,0.221000,2,1,C002325,1064
1003,941,1.370000,0.016000,2,1,C002328,1065
246,1321,8.480000,0.006000,2,1,C002331,1066
1056,180,21.700000,0.063000,2,1,C002332,1067
2541,1107,7.550000,0.074000,2,1,C002333,1068
1128,1227,14.480000,0.095000,2,1,C002335,1069
2178,2581,11.030000,0.206000,3,1,C002336,1070
2155,1648,19.590000,0.215000,2,1,C002338,1071
2277,578,16.500000,0.032000,1,1,C002339,1072
2274,63,11.970000,0.039000,2,1,C002341,1073
1251,1950,12.530000,0.165000,1,1,C002346,1074
821,1898,16.410000,0.085000,2,1,C002347,1075
565,1056,1.940000,0.219000,2,1,C002348,1076
457,601,15.820000,0.162000,1,1,C002350,1077
617,1921,2.240000,0.058000,2,1,C002355,1078
2216,2562,21.050000,0.046000,2,1,C002360,1079
1105,688,13.560000,0.073000,1,1,C002361,1080
798,1657,8.150000,0.141000,2,1,C002362,1081
1820,1219,4.540000,0.075000,2,1,C002363,1082
622,1901,22.750000,0.014000,2,1,C002365,1083
2213,2402,24.700000,0.199000,3,1,C002368,1084
377,1943,4.440000,0.130000,1,1,C002371,1085
1338,315,21.360000,0.031000,2,1,C002373,1086
495,571,5.220000,0.027000,2,1,C002374,1087
1529,1565,2.670000,0.055000,3,1,C002376,1088
986,318,19.770000,0.183000,2,1,C002378,1089
2595,2214,13.720000,0.009000,1,1,C002381,1090
848,223,13.530000,0.101000,2,1,C002385,1091
2569,1341,14.310000,0.225000,2,1,C002390,1092
1079,1296,7.090000,0.107000,2,1,C002391,1093
1100,1463,15.830000,0.213000,2,1,C002393,1094
2618,1463,22.400000,0.072000,2,1,C002396,1095
1690,125,12.840000,0.128000,1,1,C002397,1096
414,641,3.470000,0.174000,1,1,C002398,1097
2618,1280,9.830000,0.056000,3,1,C002399,1098
1705,1379,18.270000,0.017000,1,1,C002403,1099
1303,90,11.510000,0.245000,2,1,C002404,1100
89,827,4.940000,0.152000,2,1,C002405,1101
1629,1958,1.440000,0.234000,1,1,C002406,1102
636,2498,12.680000,0.224000,2,1,C002408,1103
1876,2512,15.050000,0.079000,1,1,C002410,1104
1288,1989,21.430000,0.082000,2,1,C002412,1105
2033,802,20.430000,0.087000,2,1,C002413,1106
2609,1015,24.280000,0.009000,2,1,C002415,1107
756,1252,9.570000,0.017000,2,1,C002416,1108
1080,586,19.690000,0.078000,2,1,C002417,1109
812,1482,15.310000,0.191000,2,1,C002418,1110
313,320,8.890000,0.163000,2,1,C002419,1111
770,5,0.240000,0.238000,3,1,C002422,1112
2402,2067,1.090000,0.121000,1,1,C002423,1113
1307,2265,21.130000,0.090000,3,1,C002424,1114
382,1830,23.640000,0.178000,1,1,C002425,1115
1240,2401,23.960000,0.007000,2,1,C002427,1116
1704,1765,6.900000,0.015000,2,1,C002429,1117
2448,1538,3.660000,0.225000,3,1,C002434,1118
307,134,0.740000,0.181000,2,1,C002436,1119
1183,1150,13.950000,0.166000,1,1,C002440,1120
139,2415,1.710000,0.178000,1,1,C002443,1121
2593,1954,8.590000,0.121000,3,1,C002444,1122
1203,624,6.050000,0.033000,2,1,C002446,1123
1190,2219,13.220000,0.081000,2,1,C002449,1124
2497,1623,11.330000,0.195000,3,1,C002452,1125
575,2528,6.740000,0.163000,1,1,C002454,1126
547,1531,19.470000,0.174000,2,1,C002456,1127
2183,1028,1.630000,0.106000,2,1,C002463,1128
1824,993,17.040000,0.226000,3,1,C002465,1129
1601,1028,14.070000,0.024000,2,1,C002467,1130
2278,1349,12.610000,0.242000,1,1,C002473,1131
939,160,1.900000,0.156000,2,1,C002474,1132
990,207,3.000000,0.225000,1,1,C002479,1133
129,1402,8.460000,0.154000,3,1,C002480,1134
2331,1448,7.490000,0.038000,2,1,C002481,1135
70,2143,10.790000,0.206000,2,1,C002483,1136
2378,147,23.860000,0.030000,2,1,C002487,1137
2560,1957,14.830000,0.204000,3,1,C002489,1138
791,1392,12.100000,0.033000,2,1,C002494,1139
1509,1337,1.930000,0.155000,2,1,C002495,1140
257,1490,1.480000,0.168000,3,1,C002499,1141
45,230,10.280000,0.065000,2,1,C002501,1142
1196,1371,14.800000,0.219000,3,1,C002503,1143
251,1887,3.100000,0.223000,2,1,C002506,1144
476,1529,4.960000,0.203000,2,1,C002510,1145
941,1964,10.680000,0.005000,2,1,C002511,1146
1222,162,17.530000,0.040000,2,1,C002514,1147
2439,1896,21.760000,0.025000,2,1,C002515,1148
2389,2414,13.130000,0.111000,2,1,C002516,1149
309,1097,7.780000,0.032000,2,1,C002517,1150
9,1567,17.450000,0.178000,1,1,C002522,1151
2288,546,6.880000,0.123000,1,1,C002523,1152
27,2124,15.440000,0.162000,1,1,C002524,1153
1763,2299,9.480000,0.101000,3,1,C002527,1154
1357,1399,2.190000,0.100000,2,1,C002534,1155
2110,1883,20.600000,0.138000,2,1,C002536,1156
1220,1250,21.990000,0.155000,2,1,C002537,1157
1035,699,7.870000,0.172000,1,1,C002538,1158
1775,2317,22.750000,0.027000,2,1,C002540,1159
2012,188,10.530000,0.065000,2,1,C002543,1160
943,329,10.730000,0.206000,2,1,C002545,1161
1186,753,22.170000,0.025000,2,1,C002547,1162
753,2011,21.280000,0.195000,2,1,C002548,1163
1793,785,7.790000,0.121000,3,1,C002549,1164
2584,1082,12.880000,0.224000,3,1,C002551,1165
2074,995,6.540000,0.173000,1,1,C002553,1166
986,1740,22.980000,0.207000,3,1,C002554,1167
594,1047,8.600000,0.236000,2,1,C002558,1168
2627,2037,14.170000,0.056000,2,1,C002560,1169
2523,2568,8.960000,0.147000,2,1,C002564,1170
2589,2396,5.410000,0.233000,3,1,C002565,1171
1429,651,12.650000,0.086000,2,1,C002571,1172
126,334,8.910000,0.084000,3,1,C002572,1173
26,838,10.680000,0.048000,2,1,C002574,1174
225,1284,11.880000,0.239000,2,1,C002575,1175
1735,1078,15.850000,0.048000,2,1,C002576,1176
2653,1439,5.440000,0.218000,3,1,C002577,1177
1941,1503,9.760000,0.240000,2,1,C002578,1178
646,831,2.770000,0.068000,1,1,C002582,1179
1329,2173,4.590000,0.123000,3,1,C002584,1180
77,432,7.020000,0.225000,3,1,C002586,1181
2379,403,17.290000,0.083000,3,1,C002588,1182
1740,602,10.260000,0.161000,3,1,C002590,1183
2224,2067,3.860000,0.231000,2,1,C002592,1184
1792,645,19.360000,0.232000,1,1,C002594,1185
2028,2299,20.670000,0.193000,2,1,C002595,1186
488,2266,8.270000,0.055000,2,1,C002596,1187
885,814,14.480000,0.246000,1,1,C002600,1188
297,2251,1.850000,0.078000,2,1,C002601,1189
641,108,19.330000,0.161000,3,1,C002602,1190
1748,2259,16.270000,0.024000,3,1,C002604,1191
2521,1721,11.460000,0.068000,2,1,C002605,1192
568,2375,17.800000,0.053000,2,1,C002606,1193
2568,2114,0.980000,0.121000,2,1,C002609,1194
589,869,11.690000,0.014000,2,1,C002610,1195
1291,1613,7.370000,0.070000,1,1,C002614,1196
241,1839,19.520000,0.221000,2,1,C002616,1197
2037,645,8.470000,0.118000,2,1,C002618,1198
2234,1654,21.220000,0.109000,2,1,C002620,1199
1991,368,21.290000,0.076000,3,1,C002622,1200
840,1181,20.120000,0.103000,3,1,C002625,1201
1029,82,7.360000,0.205000,2,1,C002631,1202
677,917,7.400000,0.034000,3,1,C002633,1203
2194,762,8.460000,0.046000,2,1,C002634,1204
2041,407,6.660000,0.147000,1,1,C002637,1205
870,258,22.460000,0.125000,2,1,C002639,1206
2091,1763,4.470000,0.006000,2,1,C002640,1207
179,1663,3.390000,0.160000,1,1,C002642,1208
2111,2559,10.500000,0.011000,2,1,C002646,1209
410,1214,20.510000,0.088000,3,1,C002648,1210
551,2200,17.120000,0.055000,2,1,C002650,1211
1968,835,24.780000,0.165000,2,1,C002655,1212
1337,2129,11.450000,0.158000,2,1,C002656,1213
992,114,22.070000,0.105000,2,1,C002658,1214
1446,1615,11.390000,0.049000,2,1,C002661,1215
1451,537,16.510000,0.088000,2,1,C002665,1216
260,844,7.120000,0.093000,1,1,C002666,1217
2302,1211,6.420000,0.109000,3,1,C002669,1218
185,2305,10.930000,0.070000,2,1,C002675,1219
77,1270,0.770000,0.129000,2,1,C002676,1220
1031,1380,6.520000,0.081000,2,1,C002681,1221
1520,300,7.750000,0.053000,3,1,C002682,1222
2283,2416,8.210000,0.121000,2,1,C002683,1223
864,1246,15.430000,0.048000,3,1,C002685,1224
1271,1386,15.620000,0.118000,1,1,C002686,1225
2614,1937,15.670000,0.013000,1,1,C002695,1226
1494,1779,20.250000,0.194000,1,1,C002696,1227
1529,55,7.030000,0.067000,2,1,C002699,1228
674,1577,6.440000,0.189000,1,1,C002700,1229
1709,4,12.220000,0.040000,1,1,C002701,1230
872,988,4.060000,0.215000,1,1,C002703,1231
848,1835,5.810000,0.093000,2,1,C002704,1232
1326,1053,7.550000,0.071000,2,1,C002705,1233
33,936,15.990000,0.085000,2,1,C002708,1234
1040,1417,14.850000,0.159000,2,1,C002713,1235
58,1744,4.190000,0.157000,1,1,C002714,1236
1086,833,0.760000,0.176000,1,1,C002720,1237
1502,1373,19.880000,0.229000,2,1,C002721,1238
1891,2005,19.970000,0.042000,1,1,C002722,1239
728,1307,6.150000,0.247000,2,1,C002726,1240
1439,1428,12.500000,0.062000,3,1,C002728,1241
1062,2092,14.770000,0.153000,2,1,C002731,1242
570,2357,5.040000,0.108000,2,1,C002733,1243
2365,1081,2.420000,0.161000,2,1,C002734,1244
1222,2578,8.750000,0.061000,2,1,C002735,1245
1894,1574,5.920000,0.018000,1,1,C002738,1246
1859,594,14.380000,0.014000,2,1,C002739,1247
1013,1013,14.820000,0.127000,2,1,C002740,1248
1830,2436,15.230000,0.118000,3,1,C002742,1249
836,1149,7.100000,0.111000,1,1,C002753,1250
294,1688,1.900000,0.205000,2,1,C002754,1251
2545,1694,22.720000,0.162000,2,1,C002757,1252
2204,289,17.730000,0.190000,2,1,C002760,1253
1880,390,15.630000,0.038000,3,1,C002762,1254
613,1053,12.760000,0.153000,2,1,C002763,1255
330,151,18.920000,0.018000,2,1,C002765,1256
523,1289,5.290000,0.041000,2,1,C002766,1257
1635,1653,16.310000,0.065000,2,1,C002769,1258
892,366,3.810000,0.039000,1,1,C002773,1259
1201,685,18.190000,0.119000,2,1,C002777,1260
1118,1666,21.690000,0.008000,1,1,C002778,1261
330,2384,4.640000,0.226000,3,1,C002779,1262
460,2107,0.700000,0.098000,2,1,C002784,1263
451,226,17.260000,0.144000,1,1,C002789,1264
116,1782,12.080000,0.006000,1,1,C002791,1265
1899,1005,22.220000,0.144000,2,1,C002792,1266
2537,180,10.300000,0.171000,2,1,C002794,1267
198,1980,2.490000,0.039000,2,1,C002796,1268
835,725,17.520000,0.197000,1,1,C002798,1269
1462,1750,5.550000,0.174000,2,1,C002800,1270
2439,273,8.800000,0.082000,2,1,C002805,1271
464,184,16.310000,0.018000,2,1,C002807,1272
237,655,18.400000,0.170000,2,1,C002810,1273
989,297,23.310000,0.205000,2,1,C002812,1274
2637,2529,22.590000,0.200000,1,1,C002816,1275
626,1949,14.770000,0.040000,1,1,C002817,1276
2050,38,21.500000,0.016000,1,1,C002818,1277
2481,681,21.340000,0.196000,1,1,C002819,1278
2283,2495,14.490000,0.166000,2,1,C002822,1279
586,1074,19.290000,0.087000,2,1,C002824,1280
1149,714,6.500000,0.095000,1,1,C002830,1281
2494,1572,17.770000,0.044000,2,1,C002831,1282
178,1663,6.030000,0.017000,2,1,C002832,1283
96,564,3.240000,0.166000,2,1,C002834,1284
746,1286,21.140000,0.094000,2,1,C002836,1285
945,2463,23.230000,0.191000,2,1,C002841,1286
366,1343,9.970000,0.250000,1,1,C002842,1287
1343,1689,15.090000,0.230000,1,1,C002843,1288
1188,2237,22.950000,0.092000,2,1,C002847,1289
396,852,9.280000,0.027000,1,1,C002850,1290
1351,127,1.850000,0.220000,2,1,C002852,1291
2299,1934,4.610000,0.020000,2,1,C002853,1292
1797,1098,24.330000,0.100000,1,1,C002854,1293
2044,535,2.600000,0.031000,1,1,C002857,1294
1288,519,24.110000,0.052000,2,1,C002860,1295
600,1298,22.380000,0.111000,2,1,C002862,1296
600,1501,15.470000,0.121000,2,1,C002863,1297
2080,2302,24.590000,0.166000,2,1,C002864,1298
1182,969,5.020000,0.036000,2,1,C002866,1299
2270,1158,11.110000,0.038000,2,1,C002868,1300
1928,2190,11.920000,0.071000,2,1,C002869,1301
2356,418,24.840000,0.029000,2,1,C002871,1302
1973,1152,9.390000,0.179000,2,1,C002873,1303
2239,880,2.550000,0.147000,2,1,C002874,1304
1454,1135,12.090000,0.051000,2,1,C002878,1305
1975,812,10.770000,0.016000,2,1,C002880,1306
1789,69,15.020000,0.007000,2,1,C002882,1307
1858,2411,2.110000,0.167000,1,1,C002887,1308
705,2558,22.170000,0.110000,1,1,C002888,1309
1922,2019,4.630000,0.068000,1,1,C002893,1310
1449,186,5.810000,0.207000,2,1,C002895,1311
2584,1938,5.230000,0.083000,1,1,C002899,1312
527,1942,24.270000,0.228000,3,1,C002900,1313
488,453,7.210000,0.151000,3,1,C002902,1314
2576,608,14.550000,0.071000,2,1,C002903,1315
1275,530,21.420000,0.036000,1,1,C002904,1316
2466,1212,15.560000,0.244000,2,1,C002906,1317
593,1635,4.960000,0.015000,3,1,C002910,1318
2355,1342,16.190000,0.080000,2,1,C002913,1319
468,1673,14.110000,0.166000,2,1,C002914,1320
1859,1494,0.240000,0.141000,2,1,C002915,1321
741,52,7.610000,0.237000,2,1,C002921,1322
950,1806,13.490000,0.122000,2,1,C002926,1323
363,1860,5.330000,0.058000,2,1,C002927,1324
211,1567,14.450000,0.160000,2,1,C002929,1325
844,260,5.130000,0.229000,2,1,C002931,1326
1533,2401,13.600000,0.177000,2,1,C002934,1327
1572,1160,2.100000,0.031000,2,1,C002936,1328
649,2014,7.200000,0.103000,2,1,C002937,1329
1489,835,11.980000,0.036000,3,1,C002938,1330
1917,1722,5.870000,0.237000,1,1,C002943,1331
2335,685,2.880000,0.234000,2,1,C002945,1332
1453,553,23.870000,0.196000,1,1,C002950,1333
323,1349,7.800000,0.202000,1,1,C002953,1334
1582,1967,0.510000,0.026000,3,1,C002955,1335
2117,235,5.590000,0.179000,3,1,C002957,1336
290,42,16.860000,0.056000,2,1,C002959,1337
2524,94,0.940000,0.060000,1,1,C002961,1338
1630,1813,8.130000,0.131000,2,1,C002963,1339
130,2087,17.170000,0.217000,3,1,C002965,1340
2214,0,14.230000,0.018000,1,1,C002967,1341
2012,1504,8.570000,0.169000,3,1,C002971,1342
111,976,17.520000,0.016000,1,1,C002976,1343
1240,1712,12.420000,0.005000,2,1,C002977,1344
1220,416,6.030000,0.113000,2,1,C002979,1345
821,559,17.700000,0.144000,1,1,C002987,1346
2612,1233,23.580000,0.239000,3,1,C002988,1347
350,1774,17.630000,0.064000,1,1,C002990,1348
2002,1587,20.940000,0.227000,2,1,C002991,1349
28,1260,9.640000,0.138000,1,1,C002993,1350
665,1612,7.500000,0.014000,2,1,C002995,1351
2138,1423,3.290000,0.123000,2,1,C002998,1352
2155,935,15.800000,0.065000,3,1,C003000,1353
784,1079,21.580000,0.067000,1,1,C003003,1354
2171,10,24.330000,0.235000,2,1,C003008,1355
280,499,10.000000,0.214000,2,1,C003009,1356
53,184,6.750000,0.094000,1,1,C003012,1357
1782,253,20.900000,0.052000,2,1,C003013,1358
1805,435,11.030000,0.086000,3,1,C003015,1359
1060,126,9.660000,0.121000,1,1,C003016,1360
1816,854,15.840000,0.250000,2,1,C003021,1361
961,130,14.510000,0.126000,1,1,C003022,1362
2071,518,10.990000,0.014000,3,1,C003031,1363
2496,2089,22.350000,0.231000,2,1,C003032,1364
1200,2622,14.370000,0.050000,2,1,C003037,1365
784,1100,7.740000,0.111000,2,1,C003038,1366
595,1801,22.230000,0.008000,2,1,C003040,1367
68,1309,4.160000,0.200000,1,1,C003041,1368
142,565,9.680000,0.235000,2,1,C003043,1369
1246,185,6.950000,0.201000,1,1,C003044,1370
51,2435,17.080000,0.207000,3,1,C003045,1371
1328,1852,20.510000,0.083000,1,1,C003046,1372
2529,738,14.500000,0.149000,2,1,C003047,1373
627,1819,5.900000,0.031000,2,1,C003049,1374
226,524,10.390000,0.072000,2,1,C003051,1375
2212,266,8.790000,0.006000,1,1,C003052,1376
1497,132,1.790000,0.164000,2,1,C003053,1377
475,1947,6.730000,0.018000,2,1,C003054,1378
268,2572,12.560000,0.029000,1,1,C003058,1379
1171,2282,10.010000,0.129000,2,1,C003059,1380
371,1404,5.570000,0.075000,3,1,C003061,1381
1041,1751,23.360000,0.206000,2,1,C003062,1382
1374,239,12.350000,0.154000,3,1,C003065,1383
1865,1146,0.400000,0.120000,2,1,C003069,1384
1482,2622,1.070000,0.057000,2,1,C003070,1385
92,196,17.180000,0.198000,2,1,C003071,1386
2536,74,19.850000,0.165000,1,1,C003073,1387
67,191,4.210000,0.222000,2,1,C003076,1388
2233,386,21.930000,0.173000,2,1,C003079,1389
586,2030,17.650000,0.047000,2,1,C003080,1390
55,1391,14.690000,0.068000,1,1,C003083,1391
2621,342,1.230000,0.067000,2,1,C003085,1392
673,103,18.380000,0.117000,1,1,C003088,1393
2425,2264,4.510000,0.193000,2,1,C003091,1394
2199,2206,1.750000,0.158000,1,1,C003092,1395
1144,1449,16.460000,0.164000,2,1,C003102,1396
1866,513,7.070000,0.157000,3,1,C003105,1397
1953,398,1.110000,0.151000,3,1,C003106,1398
577,1083,7.130000,0.131000,3,1,C003107,1399
1285,2487,20.310000,0.223000,2,1,C003109,1400
945,1856,7.400000,0.080000,2,1,C003116,1401
2190,1080,21.480000,0.059000,2,1,C003118,1402
1666,1618,19.690000,0.060000,3,1,C003120,1403
230,1539,14.220000,0.208000,3,1,C003121,1404
2559,2236,19.110000,0.103000,2,1,C003122,1405
2344,25,3.530000,0.044000,2,1,C003124,1406
547,2444,4.250000,0.238000,2,1,C003125,1407
1137,1359,12.410000,0.230000,2,1,C003126,1408
412,731,24.350000,0.071000,2,1,C003127,1409
939,1445,4.710000,0.038000,1,1,C003128,1410
1039,712,12.150000,0.162000,1,1,C003129,1411
1401,246,19.940000,0.041000,3,1,C003130,1412
2535,2033,22.980000,0.144000,1,1,C003131,1413
2262,1367,6.130000,0.060000,1,1,C003136,1414
110,54,21.950000,0.009000,2,1,C003137,1415
893,137,6.360000,0.063000,2,1,C003138,1416
790,2135,0.620000,0.244000,2,1,C003139,1417
1458,1718,1.160000,0.100000,2,1,C003141,1418
606,1014,17.460000,0.231000,3,1,C003142,1419
1306,524,24.050000,0.155000,2,1,C003145,1420
2103,1064,11.250000,0.175000,1,1,C003148,1421
1470,497,14.220000,0.100000,2,1,C003149,1422
1661,1387,5.210000,0.211000,3,1,C003151,1423
115,2360,3.600000,0.150000,2,1,C003153,1424
1396,2106,11.760000,0.050000,3,1,C003155,1425
2137,2011,6.290000,0.063000,2,1,C003160,1426
1683,35,15.760000,0.152000,1,1,C003161,1427
1393,715,12.650000,0.230000,1,1,C003162,1428
127,1807,24.500000,0.115000,2,1,C003164,1429
2274,910,6.900000,0.183000,2,1,C003165,1430
2285,1334,24.310000,0.118000,2,1,C003169,1431
1007,2285,19.760000,0.234000,3,1,C003172,1432
1037,1174,12.410000,0.032000,3,1,C003174,1433
563,778,5.640000,0.119000,2,1,C003175,1434
1241,2194,3.250000,0.204000,2,1,C003176,1435
613,176,1.050000,0.186000,2,1,C003177,1436
74,2242,20.630000,0.247000,2,1,C003180,1437
740,117,18.650000,0.053000,2,1,C003182,1438
1905,2182,12.660000,0.043000,1,1,C003183,1439
1171,1096,11.990000,0.160000,2,1,C003184,1440
82,1206,10.210000,0.028000,1,1,C003185,1441
751,1593,18.580000,0.068000,2,1,C003186,1442
144,1079,1.480000,0.155000,2,1,C003189,1443
1365,185,16.560000,0.023000,2,1,C003195,1444
695,1287,3.190000,0.113000,2,1,C003201,1445
2282,1871,24.780000,0.057000,1,1,C003203,1446
2377,1501,10.570000,0.108000,2,1,C003206,1447
1187,802,11.900000,0.085000,2,1,C003210,1448
1847,78,6.000000,0.178000,2,1,C003211,1449
1012,2034,18.820000,0.191000,2,1,C003212,1450
1772,41,8.040000,0.054000,2,1,C003215,1451
2517,1119,23.180000,0.010000,2,1,C003216,1452
2569,2496,15.700000,0.095000,2,1,C003218,1453
1634,58,7.240000,0.185000,1,1,C003220,1454
2337,2374,5.830000,0.098000,2,1,C003221,1455
1443,877,1.250000,0.213000,2,1,C003224,1456
2389,108,22.900000,0.010000,2,1,C003225,1457
745,230,18.120000,0.122000,2,1,C003226,1458
296,198,22.000000,0.208000,2,1,C003227,1459
825,1047,22.310000,0.182000,2,1,C003228,1460
203,1752,7.740000,0.188000,2,1,C003230,1461
1518,383,5.660000,0.185000,2,1,C003233,1462
2330,1402,9.720000,0.150000,1,1,C003235,1463
1361,641,16.390000,0.100000,2,1,C003237,1464
292,1265,8.430000,0.048000,1,1,C003239,1465
557,796,6.050000,0.033000,1,1,C003242,1466
705,680,5.220000,0.030000,2,1,C003243,1467
2444,464,20.860000,0.080000,3,1,C003244,1468
1617,190,14.480000,0.241000,1,1,C003245,1469
2626,0,19.530000,0.018000,2,1,C003250,1470
844,1513,16.900000,0.170000,2,1,C003251,1471
638,2395,3.290000,0.151000,2,1,C003254,1472
452,519,19.540000,0.019000,1,1,C003256,1473
2238,2196,23.560000,0.227000,2,1,C003259,1474
1193,191,20.470000,0.220000,2,1,C003261,1475
2590,754,15.590000,0.029000,1,1,C003271,1476
1353,1764,6.950000,0.148000,2,1,C003272,1477
647,1753,16.990000,0.072000,2,1,C003274,1478
1873,91,16.380000,0.007000,2,1,C003277,1479
981,2350,3.140000,0.053000,2,1,C003278,1480
1921,1698,7.850000,0.013000,2,1,C003280,1481
806,2293,17.610000,0.038000,1,1,C003284,1482
139,705,10.020000,0.178000,2,1,C003285,1483
1433,1416,18.110000,0.175000,2,1,C003288,1484
1592,1957,8.730000,0.213000,1,1,C003289,1485
2514,2561,14.690000,0.227000,3,1,C003293,1486
195,593,24.180000,0.208000,3,1,C003297,1487
236,844,21.550000,0.031000,1,1,C003300,1488
956,241,11.390000,0.170000,3,1,C003303,1489
1188,2275,4.310000,0.135000,3,1,C003304,1490
2087,1429,2.890000,0.083000,2,1,C003306,1491
1326,2361,6.590000,0.115000,2,1,C003309,1492
802,2057,9.320000,0.021000,3,1,C003310,1493
777,939,22.420000,0.057000,1,1,C003314,1494
2542,970,6.820000,0.056000,3,1,C003319,1495
287,1924,5.020000,0.071000,2,1,C003328,1496
987,1855,2.920000,0.213000,1,1,C003329,1497
2139,2093,0.580000,0.136000,2,1,C003330,1498
1429,1924,5.100000,0.177000,2,1,C003332,1499
523,1688,5.120000,0.064000,2,1,C003334,1500
1106,1775,23.700000,0.068000,3,1,C003337,1501
1487,292,15.290000,0.221000,1,1,C003338,1502
1035,458,17.820000,0.160000,2,1,C003344,1503
2135,1851,2.050000,0.230000,1,1,C003345,1504
2362,1435,13.030000,0.198000,3,1,C003346,1505
2418,2501,4.710000,0.179000,2,1,C003350,1506
1935,49,8.010000,0.175000,2,1,C003353,1507
1128,1201,11.910000,0.218000,3,1,C003356,1508
1482,2071,16.030000,0.083000,1,1,C003361,1509
116,346,7.070000,0.225000,2,1,C003364,1510
1488,202,2.620000,0.141000,2,1,C003367,1511
2573,1252,22.520000,0.165000,3,1,C003372,1512
2406,824,0.340000,0.194000,2,1,C003373,1513
593,1582,18.710000,0.228000,2,1,C003375,1514
1600,1722,21.360000,0.213000,2,1,C003376,1515
155,476,24.560000,0.163000,1,1,C003377,1516
32,393,6.140000,0.157000,2,1,C003382,1517
1171,924,2.690000,0.192000,2,1,C003383,1518
693,1690,12.730000,0.203000,2,1,C003385,1519
781,934,1.850000,0.121000,2,1,C003387,1520
2014,690,0.500000,0.032000,1,1,C003388,1521
555,591,13.370000,0.216000,2,1,C003394,1522
1522,24,13.100000,0.056000,3,1,C003395,1523
18,125,20.100000,0.112000,1,1,C003400,1524
119,682,1.790000,0.221000,1,1,C003404,1525
841,2240,17.530000,0.085000,1,1,C003405,1526
471,703,11.980000,0.139000,2,1,C003406,1527
1485,1678,12.440000,0.052000,2,1,C003408,1528
1592,543,2.760000,0.223000,2,1,C003410,1529
2242,2058,11.240000,0.087000,2,1,C003411,1530
1212,2353,4.280000,0.240000,2,1,C003413,1531
1840,1506,9.180000,0.114000,1,1,C003415,1532
959,1083,7.450000,0.236000,3,1,C003416,1533
2519,1968,6.210000,0.181000,2,1,C003417,1534
224,1727,10.820000,0.082000,1,1,C003418,1535
83,565,17.990000,0.134000,1,1,C003420,1536
1337,2230,8.780000,0.130000,2,1,C003423,1537
1348,891,14.120000,0.179000,2,1,C003424,1538
1137,1144,17.350000,0.071000,2,1,C003429,1539
326,1861,15.980000,0.020000,2,1,C003431,1540
1076,858,0.200000,0.071000,2,1,C003432,1541
2236,1887,4.890000,0.193000,1,1,C003433,1542
545,1328,16.820000,0.183000,2,1,C003434,1543
240,1391,4.110000,0.007000,1,1,C003435,1544
2132,705,19.520000,0.208000,1,1,C003438,1545
880,409,7.940000,0.241000,2,1,C003447,1546
1203,689,13.080000,0.095000,1,1,C003448,1547
1255,1656,15.290000,0.102000,3,1,C003449,1548
1719,1761,15.510000,0.036000,2,1,C003450,1549
1939,1777,8.630000,0.042000,2,1,C003452,1550
1976,1947,6.640000,0.218000,2,1,C003453,1551
2022,2261,11.060000,0.210000,2,1,C003454,1552
338,334,16.400000,0.038000,2,1,C003462,1553
2234,1262,10.800000,0.200000,2,1,C003464,1554
2348,726,22.360000,0.034000,2,1,C003469,1555
240,18,10.000000,0.093000,2,1,C003471,1556
2014,1463,16.270000,0.119000,2,1,C003472,1557
526,2091,18.000000,0.193000,1,1,C003477,1558
2575,1167,17.920000,0.214000,2,1,C003480,1559
2628,2587,15.830000,0.094000,1,1,C003485,1560
68,1041,7.420000,0.084000,3,1,C003487,1561
2360,1863,21.760000,0.152000,3,1,C003490,1562
1513,653,0.970000,0.244000,2,1,C003491,1563
1237,1352,8.100000,0.205000,1,1,C003492,1564
1852,508,10.840000,0.216000,2,1,C003493,1565
1276,2079,22.890000,0.154000,2,1,C003495,1566
1527,2447,8.450000,0.013000,2,1,C003503,1567
2229,2482,17.210000,0.031000,2,1,C003504,1568
368,1566,17.970000,0.170000,2,1,C003507,1569
2209,2449,5.210000,0.016000,1,1,C003509,1570
2473,910,9.100000,0.189000,3,1,C003510,1571
1009,337,12.040000,0.212000,2,1,C003516,1572
2408,900,4.900000,0.158000,2,1,C003518,1573
1035,2078,11.720000,0.190000,2,1,C003520,1574
1849,1648,18.060000,0.205000,2,1,C003521,1575
830,392,21.370000,0.044000,2,1,C003522,1576
1785,909,18.090000,0.136000,2,1,C003523,1577
656,1806,21.360000,0.140000,2,1,C003524,1578
127,2103,14.830000,0.024000,3,1,C003526,1579
1531,399,16.260000,0.043000,3,1,C003529,1580
2185,2479,19.900000,0.089000,1,1,C003531,1581
494,1937,4.250000,0.095000,1,1,C003532,1582
1690,1995,7.820000,0.030000,2,1,C003534,1583
2151,1947,23.820000,0.083000,2,1,C003535,1584
1720,2038,21.590000,0.175000,3,1,C003537,1585
318,206,14.970000,0.018000,2,1,C003538,1586
2082,574,22.240000,0.095000,2,1,C003540,1587
1759,2437,19.290000,0.081000,2,1,C003542,1588
1595,2055,10.570000,0.216000,2,1,C003545,1589
2652,2182,23.870000,0.109000,2,1,C003546,1590
1542,466,24.580000,0.249000,2,1,C003548,1591
1778,1975,13.180000,0.114000,2,1,C003549,1592
1148,1661,22.440000,0.050000,3,1,C003552,1593
2346,2291,8.380000,0.172000,2,1,C003556,1594
1351,2239,6.270000,0.232000,2,1,C003557,1595
1082,2437,1.570000,0.073000,2,1,C003558,1596
1820,2438,17.950000,0.033000,2,1,C003561,1597
1646,732,21.580000,0.016000,3,1,C003562,1598
1099,1496,7.180000,0.010000,1,1,C003564,1599
991,971,19.730000,0.009000,2,1,C003566,1600
688,2522,7.830000,0.063000,2,1,C003568,1601
1453,2410,2.600000,0.081000,2,1,C003571,1602
1702,2008,7.820000,0.192000,3,1,C003572,1603
713,1448,8.440000,0.087000,2,1,C003575,1604
1639,949,18.370000,0.087000,1,1,C003576,1605
2367,2517,21.870000,0.240000,1,1,C003579,1606
1113,1611,2.290000,0.219000,2,1,C003580,1607
1157,1965,0.940000,0.092000,2,1,C003581,1608
2260,1786,12.930000,0.191000,2,1,C003582,1609
2581,2004,13.100000,0.019000,3,1,C003585,1610
2052,2230,24.240000,0.094000,2,1,C003586,1611
846,442,15.240000,0.025000,2,1,C003587,1612
252,574,0.830000,0.198000,2,1,C003588,1613
2199,1173,15.240000,0.182000,3,1,C003592,1614
2110,340,16.480000,0.066000,2,1,C003596,1615
1636,1753,5.010000,0.083000,1,1,C003597,1616
207,662,8.010000,0.020000,1,1,C003600,1617
1265,2180,8.700000,0.167000,2,1,C003601,1618
1103,632,6.210000,0.212000,1,1,C003602,1619
2403,174,15.110000,0.176000,2,1,C003604,1620
1004,1789,24.910000,0.054000,1,1,C003607,1621
1609,1148,21.790000,0.246000,1,1,C003616,1622
2295,1581,0.380000,0.195000,2,1,C003617,1623
1122,542,1.600000,0.019000,1,1,C003618,1624
1417,1372,9.510000,0.220000,3,1,C003620,1625
2347,2562,10.850000,0.110000,2,1,C003622,1626
2538,905,22.770000,0.139000,2,1,C003623,1627
872,2292,21.710000,0.025000,2,1,C003625,1628
1158,490,15.640000,0.223000,3,1,C003628,1629
2652,2599,7.060000,0.171000,1,1,C003629,1630
1275,359,5.610000,0.047000,3,1,C003630,1631
525,295,15.110000,0.008000,2,1,C003632,1632
284,1782,10.000000,0.119000,2,1,C003633,1633
2212,1428,18.060000,0.250000,3,1,C003635,1634
550,481,20.320000,0.188000,2,1,C003636,1635
2345,738,18.010000,0.122000,2,1,C003643,1636
1469,886,17.040000,0.194000,2,1,C003646,1637
2140,2091,9.380000,0.088000,2,1,C003647,1638
381,2233,11.310000,0.216000,2,1,C003648,1639
38,64,7.310000,0.139000,2,1,C003652,1640
2362,2576,7.280000,0.216000,2,1,C003654,1641
2296,924,10.960000,0.130000,3,1,C003659,1642
830,1187,19.660000,0.134000,1,1,C003660,1643
1810,358,15.720000,0.214000,2,1,C003662,1644
2305,1689,11.230000,0.201000,3,1,C003664,1645
297,2371,1.110000,0.110000,2,1,C003666,1646
239,1051,7.530000,0.159000,1,1,C003668,1647
2006,1726,13.830000,0.160000,3,1,C003671,1648
2153,1803,21.830000,0.194000,2,1,C003672,1649
2130,2567,22.850000,0.107000,2,1,C003673,1650
2326,2262,16.620000,0.139000,2,1,C003675,1651
1897,2577,8.340000,0.111000,1,1,C003677,1652
2609,62,4.070000,0.147000,1,1,C003678,1653
1966,558,1.860000,0.172000,2,1,C003680,1654
1309,102,19.530000,0.195000,3,1,C003683,1655
761,2429,22.430000,0.063000,2,1,C003684,1656
319,916,5.510000,0.092000,3,1,C003685,1657
126,1331,4.130000,0.221000,2,1,C003686,1658
1958,2110,13.030000,0.074000,2,1,C003687,1659
1430,2290,6.000000,0.063000,2,1,C003691,1660
1203,851,4.010000,0.067000,2,1,C003692,1661
2479,257,6.180000,0.037000,1,1,C003693,1662
1048,915,12.920000,0.068000,2,1,C003696,1663
2316,2014,17.480000,0.191000,3,1,C003697,1664
1699,261,11.450000,0.229000,2,1,C003699,1665
2120,2020,9.860000,0.175000,3,1,C003701,1666
400,2203,3.620000,0.079000,3,1,C003703,1667
2143,1749,21.670000,0.137000,3,1,C003711,1668
955,134,14.310000,0.153000,3,1,C003714,1669
287,1035,4.310000,0.088000,2,1,C003717,1670
2193,234,15.930000,0.070000,3,1,C003719,1671
1344,2518,12.430000,0.075000,3,1,C003720,1672
2055,872,10.130000,0.133000,3,1,C003721,1673
2171,2473,18.960000,0.009000,2,1,C003722,1674
98,698,8.850000,0.098000,2,1,C003725,1675
2634,936,24.680000,0.055000,2,1,C003726,1676
2596,374,18.420000,0.041000,3,1,C003728,1677
1007,1123,15.740000,0.011000,2,1,C003729,1678
491,1891,19.670000,0.107000,2,1,C003732,1679
1884,328,15.790000,0.026000,1,1,C003733,1680
938,1435,2.060000,0.149000,2,1,C003736,1681
427,977,20.390000,0.052000,2,1,C003738,1682
555,554,16.560000,0.095000,2,1,C003740,1683
2,1160,5.040000,0.198000,3,1,C003743,1684
452,611,4.400000,0.212000,2,1,C003744,1685
1980,1700,20.360000,0.027000,3,1,C003748,1686
608,623,17.220000,0.023000,2,1,C003750,1687
1992,1917,12.670000,0.236000,2,1,C003751,1688
2272,1723,22.680000,0.132000,1,1,C003753,1689
1257,1208,4.230000,0.227000,2,1,C003754,1690
1266,1152,17.920000,0.080000,1,1,C003756,1691
1338,2475,5.170000,0.006000,2,1,C003757,1692
115,1238,16.060000,0.129000,2,1,C003758,1693
485,919,12.360000,0.076000,2,1,C003762,1694
2101,2400,9.300000,0.089000,2,1,C003764,1695
435,809,5.550000,0.023000,1,1,C003765,1696
667,1477,7.280000,0.213000,2,1,C003768,1697
1099,2304,21.790000,0.206000,1,1,C003769,1698
84,2264,15.180000,0.157000,2,1,C003771,1699
1718,2423,1.410000,0.036000,2,1,C003774,1700
286,1602,12.180000,0.211000,1,1,C003777,1701
1991,677,2.240000,0.169000,3,1,C003779,1702
2023,1812,4.440000,0.069000,2,1,C003781,1703
2405,1527,9.450000,0.173000,1,1,C003784,1704
1424,1157,16.360000,0.091000,2,1,C003787,1705
2454,1715,16.360000,0.121000,2,1,C003788,1706
2192,2424,7.350000,0.209000,3,1,C003792,1707
2550,593,13.290000,0.170000,2,1,C003794,1708
17,1661,24.160000,0.103000,1,1,C003795,1709
1771,2129,11.020000,0.143000,2,1,C003797,1710
1009,1191,20.350000,0.151000,3,1,C003799,1711
943,2536,15.080000,0.212000,3,1,C003803,1712
2531,1253,21.430000,0.103000,2,1,C003806,1713
2192,663,8.640000,0.109000,2,1,C003807,1714
1877,2579,24.280000,0.024000,2,1,C003808,1715
117,2311,12.640000,0.214000,3,1,C003809,1716
96,2042,19.490000,0.114000,3,1,C003814,1717
2306,1425,9.760000,0.156000,3,1,C003815,1718
1119,937,24.600000,0.050000,1,1,C003817,1719
527,359,4.620000,0.221000,2,1,C003823,1720
1806,1303,4.170000,0.088000,1,1,C003825,1721
130,874,11.430000,0.092000,3,1,C003830,1722
1664,224,11.220000,0.121000,2,1,C003832,1723
2431,1074,15.940000,0.080000,3,1,C003833,1724
2641,1458,6.570000,0.109000,2,1,C003836,1725
51,2219,2.690000,0.248000,2,1,C003840,1726
2395,1284,21.440000,0.099000,3,1,C003843,1727
2278,1937,11.390000,0.129000,1,1,C003845,1728
170,1297,8.180000,0.227000,2,1,C003847,1729
697,905,11.690000,0.202000,3,1,C003853,1730
1808,1177,2.500000,0.064000,1,1,C003857,1731
271,1308,14.840000,0.148000,2,1,C003859,1732
247,602,9.670000,0.042000,1,1,C003863,1733
511,106,17.480000,0.067000,1,1,C003865,1734
153,1851,1.160000,0.174000,2,1,C003866,1735
976,843,1.860000,0.200000,1,1,C003870,1736
749,2486,10.150000,0.213000,2,1,C003871,1737
1408,210,5.580000,0.228000,3,1,C003872,1738
2320,880,18.000000,0.135000,2,1,C003874,1739
539,1998,0.380000,0.026000,3,1,C003881,1740
1949,1835,24.080000,0.237000,2,1,C003884,1741
2219,2334,24.640000,0.036000,3,1,C003886,1742
1164,2482,14.450000,0.180000,2,1,C003887,1743
1808,1311,21.070000,0.061000,3,1,C003889,1744
1405,1597,2.290000,0.155000,3,1,C003890,1745
243,512,2.260000,0.084000,2,1,C003892,1746
2053,207,24.980000,0.107000,2,1,C003894,1747
185,720,5.510000,0.232000,2,1,C003897,1748
2225,516,3.560000,0.216000,2,1,C003898,1749
1115,2603,20.270000,0.097000,1,1,C003899,1750
1264,752,23.730000,0.050000,2,1,C003900,1751
731,676,18.960000,0.168000,2,1,C003901,1752
1926,228,6.330000,0.006000,2,1,C003902,1753
484,717,4.970000,0.155000,2,1,C003904,1754
1572,535,18.490000,0.088000,2,1,C003905,1755
2413,190,21.900000,0.071000,2,1,C003906,1756
1353,162,3.690000,0.062000,2,1,C003907,1757
2163,49,21.260000,0.008000,2,1,C003910,1758
1186,167,14.900000,0.091000,3,1,C003913,1759
2216,2621,8.520000,0.155000,1,1,C003916,1760
405,198,24.440000,0.223000,2,1,C003919,1761
2537,630,2.130000,0.076000,3,1,C003920,1762
1669,1109,0.960000,0.082000,1,1,C003922,1763
2093,2525,12.520000,0.043000,2,1,C003924,1764
145,2604,16.930000,0.207000,2,1,C003926,1765
1312,1697,21.030000,0.060000,2,1,C003928,1766
2045,1821,8.450000,0.146000,3,1,C003932,1767
1285,1099,1.280000,0.171000,1,1,C003933,1768
77,1652,21.370000,0.178000,2,1,C003934,1769
1733,520,14.300000,0.141000,2,1,C003939,1770
1127,629,11.850000,0.210000,2,1,C003940,1771
257,263,11.720000,0.192000,3,1,C003941,1772
2539,2194,10.170000,0.075000,2,1,C003942,1773
2191,2076,12.550000,0.129000,2,1,C003943,1774
2349,1891,24.460000,0.179000,2,1,C003946,1775
1545,699,2.750000,0.241000,2,1,C003947,1776
2474,1064,2.640000,0.039000,2,1,C003948,1777
675,2011,12.730000,0.049000,2,1,C003950,1778
2203,2227,13.340000,0.152000,2,1,C003953,1779
403,524,23.570000,0.045000,1,1,C003954,1780
243,1343,14.660000,0.039000,2,1,C003955,1781
635,553,14.830000,0.144000,1,1,C003960,1782
250,628,2.300000,0.233000,1,1,C003961,1783
2560,1972,2.450000,0.193000,3,1,C003963,1784
208,432,4.230000,0.135000,1,1,C003964,1785
507,331,24.290000,0.060000,2,1,C003966,1786
1243,2540,7.000000,0.159000,1,1,C003967,1787
1579,1945,20.050000,0.018000,1,1,C003968,1788
256,1310,4.870000,0.006000,1,1,C003969,1789
853,535,24.300000,0.222000,2,1,C003970,1790
2558,1236,2.690000,0.042000,2,1,C003973,1791
2513,2516,11.020000,0.078000,2,1,C003977,1792
2498,161,20.360000,0.218000,2,1,C003978,1793
634,231,5.090000,0.116000,2,1,C003980,1794
1151,894,13.100000,0.183000,2,1,C003984,1795
2296,2545,1.220000,0.196000,1,1,C003988,1796
2296,1921,15.500000,0.118000,2,1,C003989,1797
2405,596,3.980000,0.196000,2,1,C003991,1798
2125,2568,9.950000,0.219000,2,1,C003995,1799
389,472,5.130000,0.013000,2,1,C004001,1800
76,755,9.650000,0.195000,2,1,C004004,1801
370,904,2.450000,0.184000,2,1,C004006,1802
393,220,6.400000,0.230000,2,1,C004007,1803
1379,771,5.640000,0.223000,2,1,C004009,1804
2551,773,21.090000,0.230000,2,1,C004010,1805
994,1543,9.300000,0.069000,2,1,C004012,1806
157,1437,14.200000,0.190000,1,1,C004013,1807
2218,974,24.140000,0.046000,3,1,C004014,1808
2292,2443,15.560000,0.016000,1,1,C004017,1809
1647,2129,18.240000,0.045000,1,1,C004018,1810
1538,2447,5.120000,0.072000,2,1,C004019,1811
1550,611,18.750000,0.083000,3,1,C004020,1812
1520,2565,5.510000,0.043000,1,1,C004022,1813
2011,2033,23.530000,0.187000,3,1,C004025,1814
569,1557,6.300000,0.081000,1,1,C004033,1815
2176,1291,16.130000,0.123000,1,1,C004034,1816
1223,747,14.460000,0.193000,1,1,C004035,1817
2148,330,16.000000,0.041000,3,1,C004036,1818
1525,1056,14.010000,0.008000,2,1,C004038,1819
396,1806,14.800000,0.040000,2,1,C004039,1820
794,2022,14.380000,0.149000,2,1,C004040,1821
2237,1986,18.380000,0.186000,2,1,C004042,1822
1335,1699,2.750000,0.045000,2,1,C004045,1823
417,1773,22.060000,0.116000,1,1,C004046,1824
972,2317,15.660000,0.142000,3,1,C004048,1825
1139,405,12.580000,0.224000,2,1,C004057,1826
65,1132,13.680000,0.049000,2,1,C004058,1827
373,2115,2.310000,0.187000,2,1,C004060,1828
2337,1238,15.740000,0.134000,3,1,C004065,1829
2551,911,9.410000,0.071000,1,1,C004069,1830
2060,2062,24.760000,0.246000,2,1,C004071,1831
770,163,20.260000,0.187000,2,1,C004072,1832
1386,926,0.740000,0.121000,3,1,C004073,1833
1304,725,18.380000,0.080000,3,1,C004074,1834
1830,2125,2.520000,0.126000,1,1,C004075,1835
934,1698,13.640000,0.063000,2,1,C004078,1836
2461,526,24.930000,0.132000,2,1,C004080,1837
2273,2519,15.120000,0.056000,2,1,C004081,1838
1912,2331,18.750000,0.163000,1,1,C004084,1839
424,2173,22.520000,0.193000,2,1,C004086,1840
974,1628,11.620000,0.022000,2,1,C004087,1841
109,2322,2.250000,0.152000,2,1,C004088,1842
1780,167,18.590000,0.092000,2,1,C004094,1843
1114,1093,24.890000,0.163000,2,1,C004095,1844
1975,1978,23.750000,0.097000,1,1,C004096,1845
230,1438,10.700000,0.203000,1,1,C004097,1846
1055,2049,16.710000,0.029000,1,1,C004099,1847
1240,2473,10.520000,0.212000,1,1,C004103,1848
993,895,7.640000,0.072000,1,1,C004106,1849
2502,1693,6.210000,0.161000,2,1,C004107,1850
2393,1137,23.190000,0.060000,3,1,C004110,1851
2263,2562,9.060000,0.022000,2,1,C004113,1852
334,84,17.070000,0.187000,1,1,C004115,1853
1342,1879,20.800000,0.118000,3,1,C004117,1854
289,1878,8.610000,0.075000,2,1,C004119,1855
2292,726,19.530000,0.226000,2,1,C004124,1856
2516,772,15.110000,0.214000,3,1,C004130,1857
1307,1159,7.320000,0.194000,2,1,C004131,1858
1001,800,7.170000,0.247000,1,1,C004132,1859
343,889,19.050000,0.081000,3,1,C004138,1860
45,100,11.300000,0.048000,2,1,C004149,1861
1639,2093,24.870000,0.065000,1,1,C004152,1862
2341,189,9.360000,0.037000,2,1,C004153,1863
2016,1911,9.760000,0.115000,2,1,C004154,1864
1391,2188,13.770000,0.014000,2,1,C004155,1865
174,450,16.010000,0.136000,2,1,C004156,1866
1812,1999,1.410000,0.085000,2,1,C004157,1867
944,732,16.650000,0.198000,2,1,C004158,1868
2582,887,15.720000,0.034000,2,1,C004164,1869
1157,1412,5.460000,0.040000,3,1,C004171,1870
2005,2254,3.050000,0.140000,2,1,C004174,1871
1500,1995,6.210000,0.213000,1,1,C004176,1872
507,1879,16.020000,0.085000,2,1,C004178,1873
1196,2015,10.450000,0.022000,3,1,C004181,1874
1932,2124,19.200000,0.214000,2,1,C004182,1875
2513,1486,9.740000,0.127000,1,1,C004185,1876
2027,146,2.270000,0.008000,2,1,C004186,1877
987,2335,7.610000,0.044000,2,1,C004187,1878
810,2031,11.180000,0.143000,1,1,C004192,1879
1799,1132,15.220000,0.161000,2,1,C004193,1880
145,1740,22.070000,0.173000,2,1,C004197,1881
2422,1625,11.730000,0.230000,2,1,C004198,1882
1173,2602,13.890000,0.229000,2,1,C004200,1883
2308,676,24.170000,0.194000,3,1,C004201,1884
1080,0,0.880000,0.136000,3,1,C004202,1885
1936,1046,8.380000,0.138000,2,1,C004206,1886
1039,956,5.720000,0.085000,2,1,C004208,1887
665,618,14.350000,0.150000,2,1,C004210,1888
2388,372,22.330000,0.211000,2,1,C004212,1889
822,2074,15.100000,0.108000,3,1,C004213,1890
587,1823,21.660000,0.199000,1,1,C004217,1891
1214,1426,22.170000,0.153000,2,1,C004218,1892
274,1543,19.280000,0.177000,3,1,C004219,1893
2146,1418,20.660000,0.184000,1,1,C004220,1894
823,2063,16.070000,0.075000,2,1,C004221,1895
1329,589,11.020000,0.015000,1,1,C004223,1896
1036,1370,10.950000,0.030000,2,1,C004234,1897
266,1328,24.850000,0.148000,2,1,C004237,1898
994,2478,9.570000,0.065000,3,1,C004238,1899
282,2216,19.390000,0.155000,2,1,C004243,1900
1362,1898,2.200000,0.033000,3,1,C004247,1901
2090,903,23.840000,0.038000,1,1,C004248,1902
1066,2220,7.790000,0.157000,1,1,C004249,1903
106,730,24.580000,0.054000,2,1,C004253,1904
587,1116,0.770000,0.026000,3,1,C004254,1905
51,1233,1.530000,0.224000,1,1,C004255,1906
1014,415,0.530000,0.039000,2,1,C004256,1907
231,1650,20.100000,0.161000,3,1,C004259,1908
1742,1044,22.170000,0.182000,2,1,C004261,1909
2364,365,1.880000,0.030000,2,1,C004264,1910
1764,891,10.140000,0.209000,3,1,C004269,1911
1191,2369,6.780000,0.195000,2,1,C004270,1912
2407,2106,0.410000,0.124000,1,1,C004273,1913
1012,21,24.800000,0.136000,1,1,C004275,1914
2538,316,11.820000,0.238000,2,1,C004280,1915
937,998,18.290000,0.114000,1,1,C004283,1916
2388,2166,13.050000,0.226000,2,1,C004284,1917
1345,2124,11.320000,0.205000,3,1,C004286,1918
762,1704,4.550000,0.064000,1,1,C004290,1919
2221,2351,9.710000,0.037000,1,1,C004291,1920
254,1751,11.210000,0.021000,2,1,C004292,1921
2616,605,21.980000,0.121000,2,1,C004293,1922
79,2249,12.760000,0.084000,2,1,C004294,1923
1816,609,4.440000,0.109000,3,1,C004300,1924
279,456,7.220000,0.091000,2,1,C004303,1925
1663,844,1.220000,0.091000,2,1,C004304,1926
284,195,9.080000,0.205000,1,1,C004305,1927
684,1001,2.390000,0.247000,1,1,C004306,1928
1995,174,2.750000,0.150000,2,1,C004307,1929
1316,2032,20.530000,0.066000,3,1,C004310,1930
1901,2099,19.250000,0.118000,2,1,C004317,1931
734,2414,17.680000,0.232000,2,1,C004318,1932
1209,2204,5.910000,0.105000,3,1,C004322,1933
251,2254,1.760000,0.192000,2,1,C004326,1934
74,1538,22.600000,0.052000,2,1,C004327,1935
1111,478,9.160000,0.184000,2,1,C004330,1936
2308,1927,0.940000,0.205000,3,1,C004331,1937
2269,698,22.140000,0.145000,3,1,C004332,1938
1999,2178,15.350000,0.027000,2,1,C004335,1939
2038,971,5.200000,0.249000,2,1,C004337,1940
834,2466,17.690000,0.083000,3,1,C004340,1941
72,2088,2.010000,0.042000,2,1,C004342,1942
612,1534,16.780000,0.080000,2,1,C004343,1943
197,1591,22.300000,0.134000,3,1,C004344,1944
648,1545,0.230000,0.182000,1,1,C004347,1945
2381,2152,16.730000,0.092000,3,1,C004348,1946
267,1228,9.590000,0.108000,2,1,C004350,1947
250,1991,19.260000,0.007000,3,1,C004353,1948
65,2513,9.210000,0.006000,2,1,C004358,1950
76,1467,14.480000,0.081000,2,1,C004360,1951
617,284,20.280000,0.226000,2,1,C004361,1952
1181,1465,8.810000,0.107000,3,1,C004362,1953
201,450,3.590000,0.008000,2,1,C004366,1954
2373,34,2.590000,0.011000,2,1,C004367,1955
371,987,15.920000,0.161000,1,1,C004369,1956
2522,182,4.900000,0.230000,2,1,C004370,1957
464,929,5.090000,0.129000,3,1,C004372,1958
1013,93,12.540000,0.133000,2,1,C004373,1959
713,2328,13.760000,0.057000,2,1,C004375,1960
1470,997,14.500000,0.073000,2,1,C004377,1961
1831,2623,3.780000,0.195000,2,1,C004378,1962
2631,762,3.070000,0.036000,2,1,C004379,1963
1972,179,8.620000,0.108000,2,1,C004382,1964
2033,687,9.220000,0.013000,1,1,C004386,1965
899,2258,8.570000,0.112000,2,1,C004389,1966
2209,1503,22.390000,0.056000,2,1,C004391,1967
1990,1505,17.090000,0.007000,2,1,C004392,1968
408,1914,8.050000,0.072000,1,1,C004394,1969
943,274,15.860000,0.211000,2,1,C004397,1970
1542,228,20.120000,0.234000,2,1,C004398,1971
1993,2008,2.400000,0.140000,2,1,C004402,1972
272,946,2.280000,0.164000,1,1,C004407,1973
