customer_id,depot_id
C000002,D001_2
C000003,D001_2
C000006,D001_5
C000010,D001_1
C000011,D001_2
C000013,D001_4
C000014,D001_4
C000015,D001_2
C000017,D001_3
C000018,D001_4
C000026,D001_3
C000027,D001_4
C000028,D001_2
C000029,D001_4
C000031,D001_2
C000032,D001_2
C000033,D001_2
C000035,D001_3
C000036,D001_5
C000037,D001_1
C000042,D001_4
C000043,D001_4
C000044,D001_1
C000046,D001_2
C000051,D001_2
C000055,D001_3
C000056,D001_1
C000057,D001_2
C000066,D001_2
C000068,D001_1
C000069,D001_1
C000071,D001_2
C000075,D001_3
C000078,D001_2
C000079,D001_2
C000081,D001_2
C000084,D001_4
C000087,D001_5
C000088,D001_1
C000089,D001_3
C000090,D001_4
C000093,D001_4
C000097,D001_2
C000098,D001_2
C000099,D001_2
C000100,D001_1
C000103,D001_3
C000104,D001_2
C000105,D001_2
C000110,D001_2
C000111,D001_4
C000112,D001_2
C000113,D001_1
C000115,D001_5
C000119,D001_1
C000122,D001_1
C000123,D001_4
C000127,D001_2
C000130,D001_3
C000132,D001_4
C000136,D001_2
C000137,D001_3
C000138,D001_1
C000141,D001_2
C000142,D001_4
C000148,D001_2
C000151,D001_2
C000153,D001_1
C000154,D001_4
C000156,D001_3
C000160,D001_1
C000161,D001_3
C000164,D001_2
C000167,D001_4
C000172,D001_3
C000176,D001_3
C000177,D001_1
C000178,D001_1
C000179,D001_5
C000180,D001_4
C000182,D001_2
C000183,D001_1
C000187,D001_3
C000191,D001_2
C000193,D001_2
C000195,D001_1
C000197,D001_2
C000200,D001_2
C000202,D001_5
C000207,D001_2
C000210,D001_4
C000213,D001_4
C000215,D001_2
C000217,D001_2
C000218,D001_3
C000220,D001_4
C000221,D001_3
C000223,D001_1
C000226,D001_2
C000229,D001_1
C000230,D001_3
C000231,D001_3
C000232,D001_3
C000233,D001_3
C000236,D001_2
C000237,D001_2
C000241,D001_1
C000244,D001_2
C000245,D001_3
C000248,D001_5
C000251,D001_1
C000252,D001_4
C000254,D001_3
C000255,D001_4
C000259,D001_1
C000260,D001_2
C000262,D001_4
C000264,D001_2
C000265,D001_3
C000266,D001_3
C000267,D001_3
C000268,D001_2
C000269,D001_4
C000271,D001_5
C000272,D001_2
C000273,D001_4
C000274,D001_2
C000276,D001_1
C000278,D001_3
C000280,D001_1
C000282,D001_4
C000283,D001_1
C000285,D001_5
C000291,D001_3
C000293,D001_5
C000295,D001_2
C000299,D001_3
C000301,D001_3
C000303,D001_4
C000304,D001_2
C000305,D001_5
C000307,D001_2
C000310,D001_3
C000313,D001_1
C000314,D001_2
C000321,D001_3
C000324,D001_1
C000325,D001_2
C000326,D001_2
C000327,D001_1
C000329,D001_1
C000335,D001_2
C000336,D001_2
C000337,D001_2
C000339,D001_3
C000340,D001_4
C000343,D001_3
C000345,D001_2
C000346,D001_4
C000347,D001_2
C000348,D001_1
C000353,D001_2
C000354,D001_3
C000355,D001_3
C000356,D001_4
C000357,D001_2
C000358,D001_3
C000360,D001_4
C000362,D001_2
C000364,D001_4
C000365,D001_2
C000368,D001_2
C000373,D001_4
C000376,D001_2
C000380,D001_2
C000381,D001_1
C000386,D001_2
C000390,D001_5
C000391,D001_4
C000392,D001_2
C000395,D001_5
C000396,D001_1
C000397,D001_2
C000398,D001_1
C000399,D001_2
C000402,D001_4
C000404,D001_4
C000406,D001_2
C000409,D001_3
C000410,D001_2
C000411,D001_5
C000412,D001_3
C000415,D001_1
C000417,D001_3
C000418,D001_2
C000419,D001_2
C000422,D001_2
C000425,D001_1
C000428,D001_3
C000430,D001_1
C000431,D001_2
C000432,D001_1
C000433,D001_4
C000434,D001_2
C000435,D001_3
C000436,D001_1
C000438,D001_2
C000440,D001_2
C000441,D001_3
C000442,D001_3
C000444,D001_2
C000445,D001_2
C000448,D001_1
C000450,D001_2
C000451,D001_3
C000453,D001_5
C000456,D001_3
C000457,D001_3
C000458,D001_1
C000462,D001_2
C000466,D001_4
C000468,D001_3
C000469,D001_3
C000471,D001_2
C000473,D001_4
C000474,D001_2
C000476,D001_4
C000478,D001_2
C000480,D001_2
C000481,D001_1
C000485,D001_3
C000486,D001_1
C000488,D001_2
C000490,D001_3
C000494,D001_3
C000495,D001_1
C000499,D001_3
C000501,D001_4
C000502,D001_5
C000504,D001_2
C000507,D001_5
C000508,D001_3
C000514,D001_2
C000515,D001_5
C000517,D001_3
C000519,D001_2
C000522,D001_5
C000524,D001_4
C000525,D001_2
C000526,D001_2
C000527,D001_2
C000528,D001_5
C000531,D001_2
C000534,D001_2
C000536,D001_1
C000537,D001_5
C000541,D001_5
C000545,D001_2
C000548,D001_4
C000552,D001_4
C000555,D001_2
C000557,D001_1
C000559,D001_4
C000560,D001_2
C000562,D001_1
C000567,D001_2
C000568,D001_3
C000571,D001_5
C000572,D001_2
C000573,D001_2
C000575,D001_1
C000587,D001_2
C000590,D001_2
C000592,D001_2
C000593,D001_4
C000594,D001_2
C000596,D001_4
C000599,D001_3
C000600,D001_1
C000608,D001_4
C000609,D001_2
C000610,D001_4
C000612,D001_3
C000615,D001_1
C000616,D001_1
C000617,D001_5
C000620,D001_3
C000626,D001_3
C000629,D001_4
C000630,D001_1
C000632,D001_2
C000633,D001_3
C000637,D001_2
C000640,D001_3
C000641,D001_1
C000645,D001_2
C000646,D001_3
C000650,D001_4
C000651,D001_5
C000652,D001_2
C000653,D001_3
C000656,D001_4
C000657,D001_3
C000661,D001_5
C000663,D001_4
C000671,D001_2
C000672,D001_2
C000675,D001_2
C000676,D001_2
C000678,D001_3
C000680,D001_2
C000682,D001_1
C000685,D001_3
C000688,D001_1
C000689,D001_3
C000690,D001_1
C000691,D001_2
C000693,D001_3
C000698,D001_2
C000702,D001_2
C000704,D001_2
C000706,D001_3
C000710,D001_3
C000714,D001_2
C000717,D001_1
C000719,D001_2
C000720,D001_2
C000724,D001_1
C000727,D001_4
C000729,D001_2
C000730,D001_2
C000733,D001_1
C000734,D001_4
C000738,D001_1
C000739,D001_5
C000751,D001_1
C000752,D001_3
C000753,D001_5
C000755,D001_1
C000757,D001_3
C000761,D001_1
C000767,D001_2
C000769,D001_4
C000772,D001_3
C000773,D001_1
C000776,D001_4
C000777,D001_4
C000778,D001_4
C000783,D001_4
C000784,D001_2
C000785,D001_2
C000789,D001_4
C000790,D001_4
C000791,D001_2
C000792,D001_4
C000795,D001_2
C000796,D001_1
C000798,D001_3
C000799,D001_4
C000800,D001_2
C000801,D001_4
C000803,D001_4
C000807,D001_2
C000809,D001_2
C000812,D001_2
C000813,D001_2
C000815,D001_4
C000817,D001_1
C000818,D001_1
C000820,D001_2
C000821,D001_3
C000822,D001_5
C000825,D001_2
C000827,D001_1
C000829,D001_5
C000831,D001_1
C000834,D001_2
C000836,D001_1
C000837,D001_2
C000838,D001_2
C000847,D001_3
C000848,D001_2
C000849,D001_2
C000851,D001_5
C000854,D001_3
C000858,D001_3
C000865,D001_3
C000868,D001_1
C000871,D001_1
C000874,D001_4
C000875,D001_4
C000876,D001_3
C000878,D001_3
C000879,D001_2
C000883,D001_1
C000888,D001_1
C000889,D001_5
C000893,D001_2
C000894,D001_2
C000895,D001_4
C000896,D001_4
C000897,D001_3
C000899,D001_3
C000900,D001_1
C000902,D001_2
C000903,D001_3
C000904,D001_1
C000906,D001_1
C000911,D001_2
C000922,D001_4
C000924,D001_3
C000925,D001_4
C000926,D001_4
C000927,D001_2
C000928,D001_2
C000930,D001_4
C000931,D001_2
C000932,D001_1
C000933,D001_5
C000934,D001_2
C000935,D001_4
C000936,D001_5
C000939,D001_4
C000940,D001_3
C000944,D001_4
C000945,D001_2
C000947,D001_2
C000950,D001_1
C000951,D001_1
C000952,D001_2
C000956,D001_3
C000957,D001_3
C000958,D001_2
C000959,D001_2
C000961,D001_2
C000963,D001_2
C000964,D001_1
C000966,D001_5
C000968,D001_1
C000970,D001_2
C000973,D001_3
C000976,D001_4
C000978,D001_2
C000979,D001_3
C000981,D001_2
C000983,D001_5
C000984,D001_1
C000986,D001_3
C000987,D001_2
C000988,D001_3
C000990,D001_3
C000992,D001_3
C000994,D001_2
C000996,D001_2
C000998,D001_3
C000999,D001_3
C001000,D001_2
C001001,D001_3
C001003,D001_1
C001006,D001_2
C001007,D001_3
C001010,D001_3
C001012,D001_4
C001013,D001_3
C001015,D001_2
C001019,D001_2
C001020,D001_2
C001024,D001_1
C001025,D001_3
C001027,D001_2
C001028,D001_2
C001029,D001_1
C001031,D001_1
C001032,D001_4
C001033,D001_2
C001034,D001_2
C001035,D001_2
C001038,D001_2
C001040,D001_1
C001041,D001_2
C001044,D001_4
C001046,D001_2
C001049,D001_1
C001050,D001_3
C001052,D001_2
C001054,D001_1
C001056,D001_3
C001057,D001_3
C001058,D001_4
C001059,D001_2
C001060,D001_3
C001065,D001_3
C001066,D001_5
C001070,D001_4
C001071,D001_3
C001072,D001_3
C001073,D001_1
C001075,D001_2
C001078,D001_1
C001081,D001_2
C001082,D001_1
C001084,D001_1
C001086,D001_3
C001087,D001_3
C001091,D001_2
C001092,D001_4
C001093,D001_2
C001095,D001_4
C001096,D001_5
C001098,D001_5
C001100,D001_2
C001101,D001_2
C001103,D001_3
C001105,D001_2
C001106,D001_2
C001107,D001_2
C001108,D001_4
C001113,D001_3
C001114,D001_4
C001119,D001_4
C001120,D001_2
C001122,D001_2
C001123,D001_5
C001127,D001_4
C001128,D001_4
C001129,D001_3
C001130,D001_1
C001131,D001_1
C001132,D001_5
C001136,D001_2
C001144,D001_2
C001147,D001_1
C001149,D001_5
C001152,D001_2
C001153,D001_3
C001155,D001_3
C001157,D001_2
C001159,D001_3
C001165,D001_4
C001166,D001_2
C001167,D001_4
C001168,D001_4
C001169,D001_2
C001171,D001_3
C001172,D001_2
C001174,D001_5
C001175,D001_5
C001179,D001_3
C001180,D001_5
C001181,D001_4
C001182,D001_1
C001183,D001_5
C001184,D001_1
C001185,D001_4
C001186,D001_2
C001187,D001_1
C001188,D001_3
C001190,D001_2
C001193,D001_3
C001195,D001_4
C001197,D001_1
C001200,D001_2
C001206,D001_2
C001208,D001_2
C001211,D001_2
C001213,D001_4
C001217,D001_1
C001218,D001_2
C001222,D001_3
C001225,D001_5
C001226,D001_4
C001232,D001_3
C001237,D001_1
C001239,D001_1
C001240,D001_4
C001243,D001_3
C001245,D001_2
C001246,D001_3
C001250,D001_2
C001251,D001_2
C001252,D001_1
C001253,D001_4
C001254,D001_2
C001255,D001_3
C001257,D001_3
C001258,D001_4
C001260,D001_2
C001263,D001_3
C001265,D001_2
C001268,D001_2
C001269,D001_3
C001274,D001_1
C001281,D001_1
C001282,D001_3
C001284,D001_1
C001286,D001_2
C001288,D001_2
C001289,D001_3
C001290,D001_4
C001294,D001_3
C001295,D001_5
C001296,D001_1
C001298,D001_3
C001299,D001_3
C001301,D001_2
C001304,D001_2
C001305,D001_2
C001309,D001_2
C001311,D001_2
C001312,D001_4
C001313,D001_2
C001314,D001_1
C001318,D001_3
C001319,D001_3
C001323,D001_3
C001326,D001_2
C001327,D001_4
C001328,D001_2
C001330,D001_2
C001331,D001_4
C001336,D001_5
C001337,D001_3
C001338,D001_4
C001342,D001_2
C001345,D001_4
C001348,D001_5
C001349,D001_3
C001357,D001_2
C001358,D001_1
C001359,D001_2
C001360,D001_2
C001361,D001_4
C001364,D001_2
C001365,D001_1
C001368,D001_2
C001370,D001_3
C001372,D001_2
C001376,D001_3
C001378,D001_4
C001382,D001_5
C001385,D001_2
C001388,D001_3
C001389,D001_2
C001391,D001_5
C001394,D001_2
C001397,D001_2
C001403,D001_2
C001405,D001_2
C001409,D001_2
C001412,D001_5
C001417,D001_2
C001419,D001_1
C001423,D001_4
C001426,D001_3
C001430,D001_1
C001431,D001_3
C001433,D001_1
C001434,D001_4
C001435,D001_5
C001437,D001_3
C001439,D001_2
C001443,D001_4
C001445,D001_3
C001451,D001_5
C001452,D001_3
C001454,D001_4
C001459,D001_2
C001462,D001_5
C001463,D001_4
C001464,D001_2
C001467,D001_2
C001468,D001_2
C001469,D001_3
C001471,D001_3
C001473,D001_3
C001476,D001_4
C001477,D001_1
C001482,D001_2
C001485,D001_2
C001486,D001_1
C001487,D001_1
C001490,D001_3
C001492,D001_2
C001493,D001_3
C001494,D001_2
C001497,D001_1
C001498,D001_1
C001500,D001_4
C001502,D001_2
C001506,D001_1
C001507,D001_2
C001508,D001_3
C001511,D001_2
C001512,D001_4
C001513,D001_2
C001521,D001_1
C001522,D001_4
C001524,D001_5
C001527,D001_3
C001530,D001_2
C001531,D001_4
C001533,D001_2
C001534,D001_1
C001536,D001_2
C001540,D001_2
C001543,D001_4
C001545,D001_1
C001546,D001_1
C001548,D001_2
C001549,D001_5
C001550,D001_3
C001551,D001_2
C001552,D001_2
C001554,D001_2
C001555,D001_2
C001557,D001_3
C001559,D001_3
C001562,D001_2
C001563,D001_5
C001564,D001_4
C001565,D001_4
C001568,D001_2
C001573,D001_1
C001575,D001_3
C001576,D001_1
C001581,D001_2
C001582,D001_4
C001583,D001_4
C001587,D001_2
C001589,D001_1
C001590,D001_2
C001595,D001_4
C001598,D001_2
C001602,D001_1
C001603,D001_2
C001607,D001_4
C001610,D001_1
C001611,D001_3
C001612,D001_4
C001613,D001_3
C001614,D001_1
C001615,D001_3
C001616,D001_4
C001618,D001_1
C001622,D001_2
C001625,D001_3
C001628,D001_1
C001629,D001_1
C001633,D001_3
C001635,D001_3
C001636,D001_3
C001638,D001_4
C001639,D001_4
C001641,D001_2
C001644,D001_4
C001649,D001_2
C001651,D001_1
C001654,D001_1
C001659,D001_2
C001660,D001_1
C001662,D001_2
C001664,D001_4
C001666,D001_3
C001675,D001_1
C001677,D001_3
C001678,D001_1
C001679,D001_1
C001680,D001_3
C001682,D001_4
C001684,D001_3
C001686,D001_1
C001687,D001_5
C001689,D001_2
C001691,D001_2
C001693,D001_2
C001694,D001_2
C001697,D001_1
C001702,D001_4
C001703,D001_2
C001706,D001_2
C001708,D001_3
C001709,D001_2
C001710,D001_4
C001714,D001_4
C001715,D001_1
C001717,D001_5
C001718,D001_2
C001719,D001_5
C001722,D001_3
C001725,D001_1
C001726,D001_4
C001729,D001_1
C001732,D001_4
C001735,D001_5
C001736,D001_4
C001737,D001_3
C001741,D001_1
C001748,D001_1
C001750,D001_2
C001755,D001_1
C001758,D001_1
C001761,D001_3
C001762,D001_3
C001763,D001_3
C001765,D001_2
C001766,D001_4
C001767,D001_1
C001768,D001_2
C001769,D001_2
C001771,D001_4
C001772,D001_2
C001774,D001_1
C001775,D001_1
C001779,D001_2
C001780,D001_3
C001781,D001_3
C001783,D001_1
C001784,D001_2
C001787,D001_2
C001788,D001_2
C001789,D001_4
C001791,D001_4
C001792,D001_4
C001796,D001_4
C001797,D001_1
C001801,D001_2
C001803,D001_2
C001806,D001_2
C001809,D001_2
C001811,D001_4
C001812,D001_3
C001813,D001_3
C001814,D001_2
C001815,D001_2
C001817,D001_3
C001819,D001_1
C001822,D001_4
C001823,D001_4
C001831,D001_2
C001832,D001_1
C001834,D001_2
C001843,D001_2
C001845,D001_1
C001849,D001_4
C001851,D001_3
C001853,D001_2
C001855,D001_4
C001856,D001_2
C001859,D001_3
C001861,D001_1
C001867,D001_2
C001869,D001_1
C001872,D001_3
C001875,D001_3
C001878,D001_4
C001879,D001_4
C001880,D001_2
C001882,D001_5
C001884,D001_3
C001885,D001_4
C001886,D001_3
C001890,D001_5
C001891,D001_2
C001893,D001_2
C001896,D001_2
C001899,D001_3
C001900,D001_2
C001901,D001_4
C001904,D001_2
C001907,D001_1
C001910,D001_2
C001914,D001_2
C001915,D001_3
C001916,D001_3
C001917,D001_2
C001918,D001_2
C001919,D001_3
C001925,D001_2
C001928,D001_2
C001929,D001_4
C001938,D001_1
C001941,D001_4
C001946,D001_2
C001947,D001_2
C001952,D001_1
C001954,D001_2
C001959,D001_1
C001960,D001_1
C001961,D001_2
C001962,D001_3
C001964,D001_2
C001965,D001_4
C001966,D001_2
C001967,D001_3
C001968,D001_5
C001971,D001_2
C001972,D001_4
C001974,D001_1
C001977,D001_2
C001978,D001_5
C001979,D001_3
C001980,D001_3
C001981,D001_4
C001983,D001_3
C001984,D001_3
C001986,D001_2
C001987,D001_4
C001989,D001_1
C001990,D001_4
C001996,D001_3
C001998,D001_1
C002000,D001_2
C002001,D001_1
C002002,D001_1
C002003,D001_1
C002008,D001_2
C002010,D001_2
C002011,D001_4
C002012,D001_5
C002018,D001_5
C002022,D001_3
C002023,D001_5
C002027,D001_5
C002029,D001_4
C002032,D001_2
C002034,D001_2
C002035,D001_2
C002037,D001_4
C002041,D001_2
C002043,D001_2
C002047,D001_2
C002048,D001_3
C002054,D001_2
C002055,D001_3
C002056,D001_1
C002058,D001_3
C002061,D001_5
C002063,D001_4
C002064,D001_4
C002065,D001_2
C002069,D001_4
C002070,D001_3
C002072,D001_5
C002074,D001_1
C002076,D001_3
C002080,D001_1
C002081,D001_5
C002082,D001_2
C002083,D001_3
C002087,D001_3
C002088,D001_2
C002089,D001_3
C002090,D001_1
C002093,D001_4
C002094,D001_4
C002095,D001_4
C002098,D001_5
C002102,D001_2
C002104,D001_4
C002106,D001_3
C002107,D001_4
C002108,D001_4
C002109,D001_1
C002110,D001_5
C002111,D001_3
C002114,D001_2
C002115,D001_2
C002118,D001_4
C002124,D001_1
C002125,D001_4
C002126,D001_2
C002128,D001_3
C002129,D001_1
C002131,D001_2
C002133,D001_2
C002136,D001_3
C002138,D001_4
C002139,D001_2
C002143,D001_1
C002147,D001_3
C002148,D001_2
C002152,D001_1
C002154,D001_4
C002159,D001_3
C002160,D001_1
C002161,D001_1
C002163,D001_2
C002165,D001_1
C002166,D001_2
C002167,D001_1
C002168,D001_3
C002169,D001_2
C002170,D001_4
C002172,D001_1
C002178,D001_2
C002179,D001_4
C002183,D001_5
C002188,D001_2
C002192,D001_1
C002200,D001_2
C002201,D001_3
C002203,D001_4
C002204,D001_1
C002205,D001_2
C002206,D001_3
C002207,D001_3
C002209,D001_1
C002211,D001_4
C002212,D001_4
C002217,D001_2
C002218,D001_3
C002220,D001_3
C002221,D001_4
C002222,D001_2
C002225,D001_4
C002226,D001_3
C002227,D001_2
C002228,D001_2
C002229,D001_2
C002230,D001_2
C002233,D001_2
C002234,D001_3
C002235,D001_2
C002238,D001_2
C002239,D001_2
C002241,D001_2
C002243,D001_2
C002245,D001_4
C002246,D001_2
C002247,D001_2
C002251,D001_4
C002252,D001_4
C002255,D001_4
C002258,D001_1
C002259,D001_4
C002260,D001_2
C002261,D001_4
C002262,D001_2
C002265,D001_3
C002268,D001_2
C002270,D001_4
C002271,D001_3
C002273,D001_2
C002274,D001_2
C002275,D001_2
C002277,D001_4
C002279,D001_2
C002281,D001_4
C002282,D001_2
C002283,D001_3
C002284,D001_4
C002292,D001_5
C002294,D001_2
C002295,D001_1
C002300,D001_2
C002301,D001_2
C002304,D001_2
C002307,D001_5
C002310,D001_2
C002311,D001_2
C002314,D001_3
C002315,D001_2
C002320,D001_2
C002322,D001_4
C002325,D001_1
C002328,D001_2
C002331,D001_2
C002332,D001_2
C002333,D001_3
C002335,D001_2
C002336,D001_1
C002338,D001_1
C002339,D001_3
C002341,D001_3
C002346,D001_4
C002347,D001_4
C002348,D001_2
C002350,D001_2
C002355,D001_4
C002360,D001_1
C002361,D001_2
C002362,D001_5
C002363,D001_3
C002365,D001_5
C002368,D001_1
C002371,D001_5
C002373,D001_2
C002374,D001_2
C002376,D001_1
C002378,D001_2
C002381,D001_1
C002385,D001_2
C002390,D001_3
C002391,D001_2
C002393,D001_5
C002396,D001_3
C002397,D001_2
C002398,D001_2
C002399,D001_3
C002403,D001_3
C002404,D001_2
C002405,D001_2
C002406,D001_1
C002408,D001_4
C002410,D001_1
C002412,D001_4
C002413,D001_3
C002415,D001_3
C002416,D001_2
C002417,D001_2
C002418,D001_2
C002419,D001_2
C002422,D001_2
C002423,D001_1
C002424,D001_4
C002425,D001_5
C002427,D001_4
C002429,D001_1
C002434,D001_3
C002436,D001_2
C002440,D001_2
C002443,D001_4
C002444,D001_1
C002446,D001_2
C002449,D001_4
C002452,D001_3
C002454,D001_4
C002456,D001_2
C002463,D001_3
C002465,D001_3
C002467,D001_3
C002473,D001_3
C002474,D001_2
C002479,D001_2
C002480,D001_2
C002481,D001_3
C002483,D001_5
C002487,D001_3
C002489,D001_1
C002494,D001_2
C002495,D001_3
C002499,D001_2
C002501,D001_2
C002503,D001_5
C002506,D001_5
C002510,D001_2
C002511,D001_4
C002514,D001_2
C002515,D001_1
C002516,D001_1
C002517,D001_2
C002522,D001_2
C002523,D001_3
C002524,D001_5
C002527,D001_1
C002534,D001_5
C002536,D001_1
C002537,D001_2
C002538,D001_2
C002540,D001_1
C002543,D001_3
C002545,D001_2
C002547,D001_2
C002548,D001_4
C002549,D001_3
C002551,D001_3
C002553,D001_3
C002554,D001_4
C002558,D001_2
C002560,D001_1
C002564,D001_1
C002565,D001_1
C002571,D001_2
C002572,D001_2
C002574,D001_2
C002575,D001_2
C002576,D001_3
C002577,D001_3
C002578,D001_3
C002582,D001_2
C002584,D001_4
C002586,D001_2
C002588,D001_3
C002590,D001_3
C002592,D001_1
C002594,D001_3
C002595,D001_1
C002596,D001_4
C002600,D001_2
C002601,D001_4
C002602,D001_2
C002604,D001_1
C002605,D001_1
C002606,D001_4
C002609,D001_1
C002610,D001_2
C002614,D001_4
C002616,D001_5
C002618,D001_3
C002620,D001_1
C002622,D001_3
C002625,D001_2
C002631,D001_2
C002633,D001_2
C002634,D001_3
C002637,D001_3
C002639,D001_2
C002640,D001_1
C002642,D001_2
C002646,D001_1
C002648,D001_2
C002650,D001_4
C002655,D001_3
C002656,D001_4
C002658,D001_2
C002661,D001_4
C002665,D001_2
C002666,D001_2
C002669,D001_3
C002675,D001_4
C002676,D001_2
C002681,D001_2
C002682,D001_2
C002683,D001_1
C002685,D001_2
C002686,D001_5
C002695,D001_1
C002696,D001_1
C002699,D001_2
C002700,D001_5
C002701,D001_2
C002703,D001_2
C002704,D001_4
C002705,D001_2
C002708,D001_2
C002713,D001_5
C002714,D001_2
C002720,D001_2
C002721,D001_3
C002722,D001_1
C002726,D001_2
C002728,D001_5
C002731,D001_4
C002733,D001_4
C002734,D001_3
C002735,D001_4
C002738,D001_1
C002739,D001_3
C002740,D001_2
C002742,D001_1
C002753,D001_2
C002754,D001_2
C002757,D001_1
C002760,D001_3
C002762,D001_3
C002763,D001_2
C002765,D001_2
C002766,D001_2
C002769,D001_1
C002773,D001_2
C002777,D001_2
C002778,D001_4
C002779,D001_4
C002784,D001_4
C002789,D001_2
C002791,D001_2
C002792,D001_3
C002794,D001_3
C002796,D001_5
C002798,D001_2
C002800,D001_4
C002805,D001_3
C002807,D001_2
C002810,D001_2
C002812,D001_2
C002816,D001_1
C002817,D001_4
C002818,D001_3
C002819,D001_3
C002822,D001_1
C002824,D001_2
C002830,D001_2
C002831,D001_3
C002832,D001_2
C002834,D001_2
C002836,D001_2
C002841,D001_4
C002842,D001_2
C002843,D001_4
C002847,D001_4
C002850,D001_2
C002852,D001_2
C002853,D001_1
C002854,D001_3
C002857,D001_3
C002860,D001_2
C002862,D001_2
C002863,D001_2
C002864,D001_1
C002866,D001_2
C002868,D001_3
C002869,D001_1
C002871,D001_3
C002873,D001_3
C002874,D001_3
C002878,D001_3
C002880,D001_3
C002882,D001_2
C002887,D001_1
C002888,D001_4
C002893,D001_1
C002895,D001_2
C002899,D001_1
C002900,D001_5
C002902,D001_2
C002903,D001_3
C002904,D001_2
C002906,D001_3
C002910,D001_5
C002913,D001_3
C002914,D001_5
C002915,D001_1
C002921,D001_2
C002926,D001_4
C002927,D001_5
C002929,D001_2
C002931,D001_2
C002934,D001_1
C002936,D001_3
C002937,D001_4
C002938,D001_2
C002943,D001_1
C002945,D001_3
C002950,D001_2
C002953,D001_2
C002955,D001_1
C002957,D001_3
C002959,D001_2
C002961,D001_3
C002963,D001_1
C002965,D001_5
C002967,D001_3
C002971,D001_3
C002976,D001_2
C002977,D001_4
C002979,D001_2
C002987,D001_2
C002988,D001_3
C002990,D001_5
C002991,D001_1
C002993,D001_2
C002995,D001_5
C002998,D001_3
C003000,D001_3
C003003,D001_2
C003008,D001_3
C003009,D001_2
C003012,D001_2
C003013,D001_2
C003015,D001_3
C003016,D001_2
C003021,D001_3
C003022,D001_2
C003031,D001_3
C003032,D001_1
C003037,D001_4
C003038,D001_2
C003040,D001_5
C003041,D001_2
C003043,D001_2
C003044,D001_2
C003045,D001_4
C003046,D001_4
C003047,D001_3
C003049,D001_5
C003051,D001_2
C003052,D001_3
C003053,D001_2
C003054,D001_5
C003058,D001_4
C003059,D001_4
C003061,D001_2
C003062,D001_4
C003065,D001_2
C003069,D001_3
C003070,D001_1
C003071,D001_2
C003073,D001_3
C003076,D001_2
C003079,D001_3
C003080,D001_4
C003083,D001_2
C003085,D001_3
C003088,D001_2
C003091,D001_1
C003092,D001_1
C003102,D001_5
C003105,D001_3
C003106,D001_3
C003107,D001_2
C003109,D001_4
C003116,D001_4
C003118,D001_3
C003120,D001_1
C003121,D001_2
C003122,D001_1
C003124,D001_3
C003125,D001_4
C003126,D001_5
C003127,D001_2
C003128,D001_5
C003129,D001_2
C003130,D001_2
C003131,D001_1
C003136,D001_3
C003137,D001_2
C003138,D001_2
C003139,D001_4
C003141,D001_4
C003142,D001_2
C003145,D001_2
C003148,D001_3
C003149,D001_2
C003151,D001_3
C003153,D001_4
C003155,D001_4
C003160,D001_1
C003161,D001_2
C003162,D001_2
C003164,D001_2
C003165,D001_3
C003169,D001_3
C003172,D001_4
C003174,D001_2
C003175,D001_2
C003176,D001_4
C003177,D001_2
C003180,D001_4
C003182,D001_2
C003183,D001_1
C003184,D001_2
C003185,D001_2
C003186,D001_5
C003189,D001_2
C003195,D001_2
C003201,D001_2
C003203,D001_1
C003206,D001_3
C003210,D001_2
C003211,D001_2
C003212,D001_4
C003215,D001_2
C003216,D001_3
C003218,D001_1
C003220,D001_2
C003221,D001_1
C003224,D001_2
C003225,D001_3
C003226,D001_2
C003227,D001_2
C003228,D001_2
C003230,D001_2
C003233,D001_2
C003235,D001_3
C003237,D001_2
C003239,D001_2
C003242,D001_2
C003243,D001_2
C003244,D001_3
C003245,D001_2
C003250,D001_3
C003251,D001_5
C003254,D001_4
C003256,D001_2
C003259,D001_1
C003261,D001_2
C003271,D001_3
C003272,D001_4
C003274,D001_5
C003277,D001_2
C003278,D001_4
C003280,D001_1
C003284,D001_4
C003285,D001_2
C003288,D001_5
C003289,D001_1
C003293,D001_1
C003297,D001_2
C003300,D001_2
C003303,D001_2
C003304,D001_4
C003306,D001_3
C003309,D001_4
C003310,D001_4
C003314,D001_2
C003319,D001_3
C003328,D001_5
C003329,D001_4
C003330,D001_1
C003332,D001_4
C003334,D001_5
C003337,D001_4
C003338,D001_2
C003344,D001_2
C003345,D001_1
C003346,D001_3
C003350,D001_1
C003353,D001_2
C003356,D001_2
C003361,D001_1
C003364,D001_2
C003367,D001_2
C003372,D001_3
C003373,D001_3
C003375,D001_2
C003376,D001_1
C003377,D001_2
C003382,D001_2
C003383,D001_2
C003385,D001_5
C003387,D001_2
C003388,D001_3
C003394,D001_2
C003395,D001_2
C003400,D001_2
C003404,D001_2
C003405,D001_4
C003406,D001_2
C003408,D001_1
C003410,D001_2
C003411,D001_1
C003413,D001_4
C003415,D001_1
C003416,D001_2
C003417,D001_1
C003418,D001_2
C003420,D001_2
C003423,D001_4
C003424,D001_2
C003429,D001_2
C003431,D001_5
C003432,D001_2
C003433,D001_1
C003434,D001_2
C003435,D001_2
C003438,D001_3
C003447,D001_2
C003448,D001_2
C003449,D001_4
C003450,D001_1
C003452,D001_1
C003453,D001_1
C003454,D001_1
C003462,D001_2
C003464,D001_3
C003469,D001_3
C003471,D001_2
C003472,D001_3
C003477,D001_4
C003480,D001_3
C003485,D001_1
C003487,D001_2
C003490,D001_1
C003491,D001_2
C003492,D001_5
C003493,D001_3
C003495,D001_4
C003503,D001_1
C003504,D001_1
C003507,D001_2
C003509,D001_1
C003510,D001_3
C003516,D001_2
C003518,D001_3
C003520,D001_4
C003521,D001_1
C003522,D001_2
C003523,D001_3
C003524,D001_5
C003526,D001_5
C003529,D001_2
C003531,D001_1
C003532,D001_5
C003534,D001_1
C003535,D001_1
C003537,D001_1
C003538,D001_2
C003540,D001_3
C003542,D001_1
C003545,D001_1
C003546,D001_1
C003548,D001_2
C003549,D001_1
C003552,D001_4
C003556,D001_1
C003557,D001_4
C003558,D001_4
C003561,D001_1
C003562,D001_3
C003564,D001_5
C003566,D001_2
C003568,D001_4
C003571,D001_4
C003572,D001_1
C003575,D001_2
C003576,D001_3
C003579,D001_1
C003580,D001_5
C003581,D001_4
C003582,D001_1
C003585,D001_1
C003586,D001_1
C003587,D001_2
C003588,D001_2
C003592,D001_3
C003596,D001_3
C003597,D001_1
C003600,D001_2
C003601,D001_4
C003602,D001_2
C003604,D001_3
C003607,D001_4
C003616,D001_3
C003617,D001_3
C003618,D001_2
C003620,D001_5
C003622,D001_1
C003623,D001_3
C003625,D001_4
C003628,D001_2
C003629,D001_1
C003630,D001_2
C003632,D001_2
C003633,D001_5
C003635,D001_3
C003636,D001_2
C003643,D001_3
C003646,D001_2
C003647,D001_1
C003648,D001_4
C003652,D001_2
C003654,D001_1
C003659,D001_3
C003660,D001_2
C003662,D001_2
C003664,D001_1
C003666,D001_4
C003668,D001_2
C003671,D001_1
C003672,D001_1
C003673,D001_1
C003675,D001_1
C003677,D001_1
C003678,D001_3
C003680,D001_3
C003683,D001_2
C003684,D001_4
C003685,D001_2
C003686,D001_2
C003687,D001_1
C003691,D001_4
C003692,D001_2
C003693,D001_3
C003696,D001_2
C003697,D001_1
C003699,D001_2
C003701,D001_1
C003703,D001_4
C003711,D001_1
C003714,D001_2
C003717,D001_2
C003719,D001_3
C003720,D001_4
C003721,D001_3
C003722,D001_1
C003725,D001_2
C003726,D001_3
C003728,D001_3
C003729,D001_2
C003732,D001_5
C003733,D001_3
C003736,D001_2
C003738,D001_2
C003740,D001_2
C003743,D001_2
C003744,D001_2
C003748,D001_1
C003750,D001_2
C003751,D001_1
C003753,D001_1
C003754,D001_2
C003756,D001_2
C003757,D001_4
C003758,D001_2
C003762,D001_2
C003764,D001_1
C003765,D001_2
C003768,D001_2
C003769,D001_4
C003771,D001_4
C003774,D001_1
C003777,D001_2
C003779,D001_3
C003781,D001_1
C003784,D001_3
C003787,D001_3
C003788,D001_1
C003792,D001_1
C003794,D001_3
C003795,D001_2
C003797,D001_1
C003799,D001_2
C003803,D001_4
C003806,D001_3
C003807,D001_3
C003808,D001_1
C003809,D001_4
C003814,D001_5
C003815,D001_3
C003817,D001_2
C003823,D001_2
C003825,D001_3
C003830,D001_2
C003832,D001_2
C003833,D001_3
C003836,D001_3
C003840,D001_4
C003843,D001_3
C003845,D001_1
C003847,D001_2
C003853,D001_2
C003857,D001_3
C003859,D001_2
C003863,D001_2
C003865,D001_2
C003866,D001_5
C003870,D001_2
C003871,D001_4
C003872,D001_2
C003874,D001_3
C003881,D001_4
C003884,D001_1
C003886,D001_1
C003887,D001_4
C003889,D001_3
C003890,D001_4
C003892,D001_2
C003894,D001_3
C003897,D001_2
C003898,D001_3
C003899,D001_4
C003900,D001_2
C003901,D001_2
C003902,D001_3
C003904,D001_2
C003905,D001_2
C003906,D001_3
C003907,D001_2
C003910,D001_3
C003913,D001_2
C003916,D001_1
C003919,D001_2
C003920,D001_3
C003922,D001_3
C003924,D001_1
C003926,D001_4
C003928,D001_4
C003932,D001_1
C003933,D001_2
C003934,D001_2
C003939,D001_2
C003940,D001_2
C003941,D001_2
C003942,D001_1
C003943,D001_1
C003946,D001_1
C003947,D001_2
C003948,D001_3
C003950,D001_4
C003953,D001_1
C003954,D001_2
C003955,D001_2
C003960,D001_2
C003961,D001_2
C003963,D001_1
C003964,D001_2
C003966,D001_2
C003967,D001_4
C003968,D001_1
C003969,D001_2
C003970,D001_2
C003973,D001_3
C003977,D001_1
C003978,D001_3
C003980,D001_2
C003984,D001_2
C003988,D001_1
C003989,D001_1
C003991,D001_3
C003995,D001_1
C004001,D001_2
C004004,D001_2
C004006,D001_2
C004007,D001_2
C004009,D001_2
C004010,D001_3
C004012,D001_5
C004013,D001_2
C004014,D001_3
C004017,D001_1
C004018,D001_1
C004019,D001_1
C004020,D001_2
C004022,D001_1
C004025,D001_1
C004033,D001_2
C004034,D001_3
C004035,D001_2
C004036,D001_3
C004038,D001_3
C004039,D001_5
C004040,D001_4
C004042,D001_1
C004045,D001_4
C004046,D001_5
C004048,D001_4
C004057,D001_2
C004058,D001_2
C004060,D001_4
C004065,D001_3
C004069,D001_3
C004071,D001_1
C004072,D001_2
C004073,D001_2
C004074,D001_2
C004075,D001_1
C004078,D001_5
C004080,D001_3
C004081,D001_1
C004084,D001_1
C004086,D001_4
C004087,D001_5
C004088,D001_4
C004094,D001_2
C004095,D001_2
C004096,D001_1
C004097,D001_2
C004099,D001_4
C004103,D001_4
C004106,D001_2
C004107,D001_1
C004110,D001_3
C004113,D001_1
C004115,D001_2
C004117,D001_4
C004119,D001_5
C004124,D001_3
C004130,D001_3
C004131,D001_2
C004132,D001_2
C004138,D001_2
C004149,D001_2
C004152,D001_1
C004153,D001_3
C004154,D001_1
C004155,D001_4
C004156,D001_2
C004157,D001_1
C004158,D001_2
C004164,D001_3
C004171,D001_5
C004174,D001_1
C004176,D001_1
C004178,D001_5
C004181,D001_4
C004182,D001_1
C004185,D001_3
C004186,D001_3
C004187,D001_4
C004192,D001_4
C004193,D001_3
C004197,D001_2
C004198,D001_3
C004200,D001_4
C004201,D001_3
C004202,D001_2
C004206,D001_3
C004208,D001_2
C004210,D001_2
C004212,D001_3
C004213,D001_4
C004217,D001_5
C004218,D001_5
C004219,D001_2
C004220,D001_3
C004221,D001_4
C004223,D001_2
C004234,D001_2
C004237,D001_2
C004238,D001_4
C004243,D001_4
C004247,D001_4
C004248,D001_3
C004249,D001_4
C004253,D001_2
C004254,D001_2
C004255,D001_2
C004256,D001_2
C004259,D001_2
C004261,D001_3
C004264,D001_3
C004269,D001_3
C004270,D001_4
C004273,D001_1
C004275,D001_2
C004280,D001_3
C004283,D001_2
C004284,D001_1
C004286,D001_4
C004290,D001_5
C004291,D001_1
C004292,D001_2
C004293,D001_3
C004294,D001_4
C004300,D001_3
C004303,D001_2
C004304,D001_3
C004305,D001_2
C004306,D001_2
C004307,D001_3
C004310,D001_4
C004317,D001_1
C004318,D001_4
C004322,D001_4
C004326,D001_4
C004327,D001_2
C004330,D001_2
C004331,D001_1
C004332,D001_3
C004335,D001_1
C004337,D001_3
C004340,D001_4
C004342,D001_5
C004343,D001_2
C004344,D001_2
C004347,D001_2
C004348,D001_1
C004350,D001_2
C004353,D001_5
C004356,D001_4
C004358,D001_4
C004360,D001_2
C004361,D001_2
C004362,D001_5
C004366,D001_2
C004367,D001_3
C004369,D001_2
C004370,D001_3
C004372,D001_2
C004373,D001_2
C004375,D001_4
C004377,D001_2
C004378,D001_1
C004379,D001_3
C004382,D001_3
C004386,D001_3
C004389,D001_4
C004391,D001_3
C004392,D001_3
C004394,D001_5
C004397,D001_2
C004398,D001_2
C004402,D001_1
C004407,D001_2
