row,col,weight,volume,priority
0,820,17.330000,0.047000,1
4,2422,5.040000,0.198000,3
6,5367,19.310000,0.090000,2
6,5409,6.150000,0.249000,1
14,410,17.700000,0.073000,2
18,2680,3.740000,0.087000,3
18,4370,22.310000,0.203000,2
19,890,23.470000,0.102000,2
19,3273,17.450000,0.178000,1
22,3599,11.150000,0.026000,2
25,2764,24.290000,0.212000,1
27,2416,15.910000,0.031000,1
28,1409,10.910000,0.069000,2
28,2569,21.250000,0.052000,1
29,5157,19.200000,0.197000,1
33,1809,20.970000,0.179000,3
34,270,7.100000,0.126000,2
36,2575,2.320000,0.225000,2
37,3468,24.160000,0.103000,1
38,261,20.100000,0.112000,1
39,4307,12.550000,0.142000,1
43,2196,9.750000,0.027000,3
48,1362,4.490000,0.021000,1
52,1382,17.430000,0.154000,3
52,4678,5.850000,0.209000,2
53,3162,10.780000,0.033000,3
54,443,2.190000,0.091000,3
54,1751,10.680000,0.048000,2
56,4434,15.440000,0.162000,1
57,3446,4.400000,0.190000,2
58,2631,9.640000,0.138000,1
60,5432,24.860000,0.009000,3
62,2388,0.990000,0.034000,1
63,2445,15.620000,0.177000,2
63,2720,3.750000,0.069000,2
66,522,13.350000,0.094000,2
67,822,6.140000,0.157000,2
67,1144,21.220000,0.092000,1
68,2860,17.590000,0.141000,2
69,1956,15.990000,0.085000,2
70,1501,2.730000,0.225000,1
73,4480,14.740000,0.139000,2
76,1531,18.140000,0.057000,2
79,136,7.310000,0.139000,2
79,3403,16.560000,0.190000,3
79,4031,16.520000,0.058000,2
80,2899,8.860000,0.143000,2
81,3028,22.920000,0.048000,2
82,4377,7.010000,0.086000,2
85,5285,16.480000,0.224000,2
92,1198,18.110000,0.246000,3
93,210,11.300000,0.048000,2
93,482,10.280000,0.065000,2
93,2552,5.260000,0.174000,2
94,4144,4.030000,0.130000,3
98,94,1.370000,0.194000,3
99,3393,4.750000,0.134000,2
103,3907,4.710000,0.118000,2
105,2575,1.530000,0.224000,1
105,4633,2.690000,0.248000,2
106,1840,9.450000,0.192000,2
106,5085,17.080000,0.207000,3
107,1515,3.740000,0.101000,2
107,2594,7.210000,0.098000,3
109,385,6.750000,0.094000,1
114,2905,14.690000,0.068000,1
116,1615,21.590000,0.041000,1
117,1879,17.760000,0.188000,2
119,5107,17.670000,0.046000,2
120,3170,1.550000,0.189000,1
121,3643,4.190000,0.157000,1
124,2468,6.710000,0.125000,1
131,5401,10.450000,0.176000,2
134,4269,19.390000,0.201000,2
135,2365,13.680000,0.049000,2
135,5248,9.210000,0.006000,2
138,401,4.210000,0.222000,2
138,4443,8.350000,0.159000,3
140,2733,4.160000,0.200000,1
141,2174,7.420000,0.084000,3
141,3660,22.690000,0.011000,2
142,2024,15.060000,0.190000,2
143,947,10.920000,0.126000,2
143,4151,11.820000,0.166000,2
144,3203,19.650000,0.224000,1
146,4474,10.790000,0.206000,2
147,815,14.460000,0.092000,2
147,978,2.540000,0.142000,2
148,1403,1.440000,0.005000,2
148,5130,8.410000,0.035000,2
149,4360,2.010000,0.042000,2
150,5306,22.150000,0.228000,2
152,2617,24.420000,0.155000,3
154,3211,22.600000,0.052000,2
154,4681,20.630000,0.247000,2
157,1578,9.650000,0.195000,2
157,5390,6.940000,0.167000,2
159,3062,14.480000,0.081000,2
159,4237,11.030000,0.165000,2
160,904,7.020000,0.225000,3
160,3450,21.370000,0.178000,2
161,1055,12.490000,0.201000,2
161,2652,0.770000,0.129000,2
164,4695,12.760000,0.084000,2
171,2519,10.210000,0.028000,1
173,1180,17.990000,0.134000,1
173,3206,8.310000,0.222000,1
173,4728,15.180000,0.157000,2
173,5332,8.820000,0.066000,2
176,3201,21.860000,0.188000,3
179,3267,23.510000,0.105000,2
184,3514,21.790000,0.061000,2
185,1729,4.940000,0.152000,2
185,3288,2.920000,0.074000,1
185,4968,3.210000,0.161000,2
191,410,17.180000,0.198000,2
193,1627,0.400000,0.119000,2
194,4465,9.970000,0.175000,2
195,5033,20.750000,0.165000,2
198,1178,3.240000,0.166000,2
198,4264,19.490000,0.114000,3
202,1459,8.850000,0.098000,2
202,4839,24.880000,0.117000,3
203,922,19.580000,0.013000,2
203,1023,3.370000,0.119000,2
206,4206,3.590000,0.023000,1
209,3924,4.350000,0.212000,2
211,2205,12.590000,0.208000,2
213,3533,18.210000,0.139000,3
214,1877,6.180000,0.202000,1
215,3304,4.720000,0.058000,1
215,5194,4.550000,0.033000,2
219,1526,24.580000,0.054000,2
221,3602,23.710000,0.049000,3
225,2616,12.010000,0.144000,2
225,4848,2.250000,0.152000,2
226,2197,2.550000,0.022000,2
226,3398,18.510000,0.034000,2
227,3379,17.080000,0.030000,2
228,114,21.950000,0.009000,2
229,327,16.010000,0.134000,2
230,2038,17.520000,0.016000,1
231,1842,17.230000,0.104000,3
232,1414,13.150000,0.084000,1
232,4402,7.280000,0.034000,2
233,1000,15.830000,0.211000,2
235,2756,20.670000,0.212000,1
239,2585,16.060000,0.129000,2
239,3721,12.080000,0.006000,1
239,4927,3.600000,0.150000,2
240,637,6.030000,0.161000,3
240,724,7.070000,0.225000,2
242,4826,12.640000,0.214000,3
242,5246,3.650000,0.139000,3
244,4804,1.110000,0.078000,2
245,1438,3.530000,0.213000,2
245,4231,10.160000,0.117000,2
246,1425,1.790000,0.221000,1
249,685,9.600000,0.040000,2
252,322,10.440000,0.113000,1
253,1197,22.880000,0.027000,3
256,2306,22.430000,0.212000,2
261,698,8.910000,0.084000,3
262,34,20.680000,0.183000,2
262,2362,3.620000,0.103000,2
262,2781,4.130000,0.221000,2
262,2782,7.040000,0.207000,3
262,3772,24.500000,0.115000,2
262,4392,14.830000,0.024000,3
263,3952,23.690000,0.047000,3
266,2927,8.460000,0.154000,3
266,3372,1.100000,0.240000,2
269,1827,11.430000,0.092000,3
269,4767,1.060000,0.249000,2
270,764,1.120000,0.120000,2
270,947,4.370000,0.149000,2
270,4358,17.170000,0.217000,3
272,3812,8.980000,0.140000,1
276,4666,19.250000,0.006000,2
279,3162,12.210000,0.074000,2
281,2319,3.450000,0.218000,1
283,3908,10.620000,0.055000,2
286,990,7.060000,0.160000,2
287,5041,1.710000,0.178000,1
288,1472,10.020000,0.178000,2
290,730,5.150000,0.120000,2
290,1080,3.760000,0.162000,2
291,2428,17.460000,0.186000,2
292,4932,9.170000,0.242000,2
293,1180,9.680000,0.235000,2
295,2784,24.130000,0.102000,1
295,4840,20.550000,0.199000,2
297,5477,12.550000,0.189000,1
298,2254,1.480000,0.155000,2
299,5436,16.930000,0.207000,2
300,3632,22.070000,0.173000,2
305,2106,24.120000,0.226000,3
306,1696,16.200000,0.158000,3
314,3180,7.430000,0.237000,1
316,1356,0.420000,0.234000,3
316,3864,1.160000,0.174000,2
320,995,24.560000,0.163000,1
320,3395,7.410000,0.041000,2
326,3000,14.200000,0.190000,1
326,4958,23.620000,0.187000,2
327,76,13.380000,0.011000,1
330,2752,17.370000,0.220000,3
336,5213,23.580000,0.175000,2
339,4392,4.220000,0.083000,2
340,171,10.040000,0.090000,2
342,712,14.300000,0.210000,2
345,2100,21.320000,0.198000,2
347,1761,2.830000,0.134000,1
350,4379,13.720000,0.021000,2
352,2709,8.180000,0.227000,2
354,1040,13.880000,0.172000,2
360,85,2.030000,0.213000,2
361,940,16.010000,0.136000,2
366,192,21.160000,0.215000,1
368,2408,16.050000,0.039000,2
369,3472,6.030000,0.017000,2
371,3472,3.390000,0.160000,1
373,3306,15.820000,0.214000,3
374,379,18.140000,0.057000,1
381,4904,8.920000,0.088000,3
383,1505,5.510000,0.232000,2
383,4812,10.930000,0.070000,2
384,1091,7.380000,0.227000,2
391,786,7.530000,0.111000,2
391,2361,6.050000,0.149000,3
391,4237,17.630000,0.073000,2
402,1238,24.180000,0.208000,3
402,5154,3.210000,0.049000,2
406,4598,13.520000,0.025000,2
407,3323,22.300000,0.134000,3
408,4825,11.600000,0.213000,3
410,4135,2.490000,0.039000,2
412,1978,24.630000,0.099000,1
416,940,3.590000,0.008000,2
417,4032,22.570000,0.085000,2
418,2622,15.200000,0.031000,3
420,3659,7.740000,0.188000,2
420,4238,14.150000,0.161000,3
420,4253,20.340000,0.072000,2
422,121,17.040000,0.097000,2
422,2848,24.140000,0.142000,2
423,4324,0.710000,0.040000,1
424,3356,5.270000,0.228000,1
424,4675,16.320000,0.156000,2
427,306,2.080000,0.188000,2
429,902,4.230000,0.135000,1
429,1383,8.010000,0.020000,1
431,1047,4.710000,0.007000,2
431,2214,13.370000,0.191000,2
431,3289,20.680000,0.054000,1
437,3273,14.450000,0.160000,2
439,4796,21.670000,0.220000,3
441,5170,9.320000,0.194000,3
446,572,22.650000,0.176000,2
448,164,7.490000,0.086000,3
449,4262,7.860000,0.100000,2
449,5220,5.810000,0.227000,2
452,2690,1.630000,0.021000,2
454,4278,16.600000,0.138000,1
456,5052,5.510000,0.157000,2
458,3938,4.930000,0.186000,2
459,2240,17.080000,0.097000,2
462,4366,23.900000,0.198000,3
463,3606,10.820000,0.082000,1
464,4467,8.690000,0.145000,2
464,5384,24.360000,0.202000,3
465,2682,11.880000,0.239000,2
467,1096,10.390000,0.072000,2
470,4039,22.450000,0.152000,1
473,2268,4.320000,0.177000,2
475,3002,10.700000,0.203000,1
476,3213,14.220000,0.208000,3
477,3446,20.100000,0.161000,3
478,386,19.870000,0.057000,2
481,5277,13.730000,0.011000,3
483,3174,6.720000,0.124000,2
485,1731,14.750000,0.126000,3
486,5024,16.600000,0.054000,1
489,1762,21.550000,0.031000,1
490,1370,18.400000,0.170000,2
491,3858,10.310000,0.143000,2
492,3760,14.660000,0.227000,1
493,2196,7.530000,0.159000,1
495,2905,4.110000,0.007000,1
496,39,10.000000,0.093000,2
496,3490,5.290000,0.058000,1
498,3840,19.520000,0.221000,2
502,1071,2.260000,0.084000,2
503,2805,14.660000,0.039000,2
505,2488,10.290000,0.025000,3
508,4837,1.410000,0.038000,2
510,1257,9.670000,0.042000,1
510,1753,9.970000,0.119000,2
510,2758,8.480000,0.006000,2
516,825,5.130000,0.057000,2
517,3759,3.810000,0.165000,2
517,4157,19.260000,0.007000,3
518,1312,2.300000,0.233000,1
518,3940,3.100000,0.223000,2
519,4706,1.760000,0.192000,2
520,1199,0.830000,0.198000,2
520,4983,19.940000,0.042000,2
521,183,10.330000,0.233000,3
523,2552,3.480000,0.165000,1
525,3656,11.210000,0.021000,2
527,5056,6.750000,0.072000,2
529,1430,16.780000,0.029000,2
530,2736,4.870000,0.006000,1
530,4156,10.200000,0.118000,1
531,550,11.720000,0.192000,3
531,921,18.710000,0.005000,2
532,2240,18.840000,0.060000,2
532,3111,1.480000,0.168000,3
534,2485,3.490000,0.074000,2
535,4972,21.250000,0.038000,1
538,1763,7.120000,0.093000,1
538,1928,7.580000,0.016000,2
539,3402,21.030000,0.032000,2
547,408,14.490000,0.194000,3
548,178,8.710000,0.101000,2
548,5459,0.820000,0.023000,1
549,2773,24.850000,0.148000,2
551,2565,9.590000,0.108000,2
553,4704,2.910000,0.051000,2
554,5371,12.560000,0.029000,1
555,682,8.100000,0.024000,2
557,2590,2.030000,0.176000,3
559,1501,12.440000,0.085000,2
560,5006,15.130000,0.099000,2
561,2732,14.840000,0.148000,2
563,1976,2.280000,0.164000,1
567,3221,19.280000,0.177000,3
571,1956,15.500000,0.200000,2
575,1800,13.560000,0.212000,2
575,1938,3.930000,0.161000,3
576,954,7.220000,0.091000,2
578,1043,10.000000,0.214000,2
581,1209,19.410000,0.078000,2
582,3834,10.700000,0.058000,1
583,4628,19.390000,0.155000,2
586,408,9.080000,0.205000,1
586,3720,10.000000,0.119000,2
589,480,14.260000,0.049000,2
592,3345,12.180000,0.211000,1
592,4017,5.020000,0.071000,2
593,2161,4.310000,0.088000,2
594,832,20.500000,0.040000,2
594,3105,13.350000,0.195000,3
595,3470,19.050000,0.144000,1
597,3922,8.610000,0.075000,2
599,88,16.860000,0.056000,2
600,263,10.620000,0.230000,2
601,3208,9.540000,0.028000,3
601,4487,5.850000,0.018000,3
602,3244,5.860000,0.225000,2
603,2062,21.820000,0.103000,3
603,2642,8.430000,0.048000,1
604,4830,15.140000,0.146000,3
608,3441,21.950000,0.098000,1
609,3524,1.900000,0.205000,2
610,2976,8.290000,0.247000,1
613,415,22.000000,0.208000,2
613,1218,2.110000,0.018000,2
614,4699,1.850000,0.078000,2
614,4950,1.110000,0.110000,2
616,1287,1.950000,0.046000,3
617,147,15.880000,0.240000,1
619,1420,15.870000,0.060000,1
623,1868,11.140000,0.249000,2
624,3172,14.240000,0.139000,2
626,1449,24.910000,0.201000,2
627,1088,11.620000,0.141000,2
627,1528,4.200000,0.195000,1
627,3387,18.130000,0.217000,1
627,3607,11.600000,0.218000,2
632,2194,2.790000,0.211000,2
634,281,0.740000,0.181000,2
635,372,16.000000,0.063000,2
636,1223,8.290000,0.129000,2
639,2291,7.780000,0.032000,2
643,4001,13.620000,0.076000,2
646,2397,21.160000,0.063000,2
647,669,8.890000,0.163000,2
649,3969,20.140000,0.069000,2
657,432,14.970000,0.018000,2
659,1914,5.510000,0.092000,3
664,170,12.600000,0.226000,3
667,2817,7.800000,0.202000,1
668,1816,15.700000,0.024000,1
670,857,12.410000,0.032000,1
673,2800,16.270000,0.067000,3
674,3886,15.980000,0.020000,2
677,2442,16.180000,0.248000,3
678,408,19.750000,0.097000,2
678,1236,4.240000,0.043000,2
678,2973,2.400000,0.201000,2
680,3181,7.520000,0.025000,1
682,316,18.920000,0.018000,2
683,3227,19.710000,0.053000,3
683,4978,4.640000,0.226000,3
684,5197,17.810000,0.167000,2
689,1331,12.510000,0.079000,1
689,2889,3.620000,0.237000,1
690,176,17.070000,0.187000,1
690,2528,19.350000,0.143000,1
692,5213,15.710000,0.103000,2
695,1133,22.910000,0.114000,3
695,2139,21.210000,0.181000,2
696,4083,21.390000,0.024000,2
697,3901,10.560000,0.147000,2
698,698,16.400000,0.038000,2
700,361,14.520000,0.018000,2
703,2055,1.530000,0.222000,1
708,1857,19.050000,0.081000,3
710,3115,4.840000,0.133000,3
710,5032,12.760000,0.224000,2
714,2347,22.170000,0.181000,1
722,920,7.420000,0.231000,2
723,656,13.190000,0.013000,2
724,3705,17.630000,0.064000,1
727,4746,21.280000,0.117000,1
730,5455,2.120000,0.029000,2
732,914,16.380000,0.014000,2
732,4785,4.900000,0.247000,2
733,3109,1.610000,0.064000,2
735,2332,16.620000,0.100000,2
735,3312,11.460000,0.133000,3
740,1484,21.900000,0.158000,1
741,1346,18.890000,0.054000,3
743,5295,15.400000,0.134000,3
743,5399,21.450000,0.023000,2
751,3885,5.330000,0.058000,2
756,4426,3.340000,0.108000,3
757,2805,9.970000,0.250000,1
761,3270,17.970000,0.170000,2
763,3099,9.620000,0.127000,2
764,1889,2.450000,0.184000,2
766,4445,9.250000,0.018000,1
767,2932,5.570000,0.075000,3
768,2062,15.920000,0.161000,1
770,4416,2.310000,0.187000,2
772,2238,1.200000,0.242000,3
773,1257,16.290000,0.222000,2
779,3828,13.940000,0.205000,2
779,4057,4.440000,0.130000,1
782,5315,0.790000,0.104000,2
783,1624,17.470000,0.057000,2
784,5213,1.000000,0.107000,2
785,1893,9.170000,0.196000,2
787,4662,11.310000,0.216000,2
789,3821,23.640000,0.178000,1
796,5476,6.320000,0.166000,2
797,2015,19.710000,0.249000,2
798,3781,3.030000,0.032000,2
799,582,4.840000,0.147000,3
802,1914,23.320000,0.199000,2
803,1957,2.620000,0.202000,2
804,987,5.130000,0.013000,2
805,2680,1.510000,0.212000,2
805,4702,17.200000,0.123000,1
806,5227,12.600000,0.176000,2
809,3176,21.300000,0.248000,1
810,1747,6.840000,0.018000,3
810,4257,22.230000,0.225000,2
811,1330,15.940000,0.168000,1
812,1273,15.920000,0.093000,3
812,3609,24.110000,0.192000,3
813,461,6.400000,0.230000,2
818,3770,14.800000,0.040000,2
819,1779,9.280000,0.027000,1
824,2201,20.030000,0.227000,3
827,4600,3.620000,0.079000,3
828,3369,24.750000,0.145000,1
830,813,12.790000,0.020000,2
833,1095,23.570000,0.045000,1
837,414,24.440000,0.223000,2
837,4445,16.350000,0.008000,2
838,2754,9.520000,0.100000,1
838,4083,3.370000,0.098000,2
841,3025,15.780000,0.179000,3
842,3574,5.730000,0.219000,3
844,3996,8.050000,0.072000,1
845,2969,13.370000,0.161000,2
846,2536,20.510000,0.088000,3
852,1527,24.350000,0.071000,2
852,2626,20.150000,0.009000,2
854,3013,15.040000,0.236000,2
856,1339,3.470000,0.174000,1
856,1991,20.750000,0.027000,2
857,2294,11.490000,0.161000,2
857,2779,18.090000,0.103000,1
859,689,14.390000,0.184000,2
859,4118,2.950000,0.012000,2
861,3702,22.060000,0.116000,1
866,4933,8.590000,0.194000,2
867,3840,24.700000,0.027000,3
874,4083,22.100000,0.188000,1
875,3083,14.460000,0.208000,1
876,4180,22.240000,0.228000,2
876,4537,22.520000,0.193000,2
880,1439,10.550000,0.105000,2
881,2042,20.390000,0.052000,2
882,3900,11.730000,0.030000,1
885,5088,9.300000,0.123000,3
891,1201,20.520000,0.143000,1
891,3979,12.120000,0.153000,2
891,5015,13.970000,0.026000,2
892,3535,2.620000,0.220000,2
896,2782,8.790000,0.011000,3
897,261,16.390000,0.013000,2
899,1691,5.550000,0.023000,1
899,1859,2.660000,0.143000,2
899,4196,14.570000,0.165000,2
901,2510,12.950000,0.079000,2
905,587,5.990000,0.077000,2
909,3275,9.970000,0.041000,3
909,3302,12.760000,0.145000,2
914,621,8.850000,0.125000,2
915,2579,22.890000,0.024000,1
918,1343,20.990000,0.039000,2
919,1994,22.100000,0.062000,2
920,5238,14.170000,0.127000,1
926,1591,1.490000,0.036000,2
927,595,13.950000,0.181000,2
929,860,17.760000,0.032000,2
932,474,17.260000,0.144000,1
933,1277,4.400000,0.212000,2
933,2220,14.200000,0.035000,2
934,1084,19.540000,0.019000,1
936,403,11.530000,0.170000,1
941,3236,24.870000,0.008000,1
945,1255,15.820000,0.162000,1
947,4147,22.200000,0.153000,2
948,2052,17.490000,0.155000,2
950,3190,9.200000,0.141000,3
950,4399,0.700000,0.098000,2
956,1732,21.080000,0.029000,2
957,2462,6.850000,0.241000,1
958,386,16.310000,0.018000,2
958,1940,5.090000,0.129000,3
961,1358,18.140000,0.165000,2
966,5368,19.950000,0.131000,2
967,3493,14.110000,0.166000,2
969,5308,9.520000,0.007000,3
973,1321,2.310000,0.220000,2
973,3061,14.610000,0.202000,1
974,1468,11.980000,0.139000,2
975,3481,6.770000,0.057000,3
980,1209,7.240000,0.156000,2
980,1931,13.310000,0.100000,3
982,3193,4.960000,0.203000,2
982,4066,6.730000,0.018000,2
983,1138,1.720000,0.232000,2
983,1251,7.380000,0.173000,3
984,2426,20.140000,0.234000,1
985,4004,4.530000,0.082000,1
986,2174,14.130000,0.125000,2
987,3462,24.420000,0.218000,2
988,371,23.970000,0.141000,2
990,3758,5.100000,0.033000,2
992,2477,2.040000,0.246000,2
995,3248,16.880000,0.124000,2
998,2096,10.740000,0.149000,2
1000,1498,4.970000,0.155000,2
1001,4877,20.420000,0.244000,1
1002,1920,12.360000,0.076000,2
1007,947,7.210000,0.151000,3
1008,1129,0.530000,0.079000,2
1009,4731,8.270000,0.055000,2
1014,3336,19.570000,0.177000,3
1015,3948,19.670000,0.107000,2
1015,4196,6.550000,0.039000,2
1017,4355,15.900000,0.183000,2
1017,4356,5.430000,0.229000,3
1019,3620,2.460000,0.137000,2
1021,4045,4.250000,0.095000,1
1023,1193,5.220000,0.027000,2
1023,5381,12.710000,0.050000,2
1024,1433,7.630000,0.102000,2
1024,1475,18.650000,0.153000,2
1026,2554,1.950000,0.092000,2
1027,192,4.670000,0.206000,1
1028,3866,19.560000,0.193000,3
1028,4325,21.760000,0.023000,2
1031,1393,18.020000,0.228000,2
1038,1207,18.500000,0.029000,1
1038,2948,2.520000,0.018000,2
1041,4512,2.050000,0.109000,1
1047,692,24.290000,0.060000,2
1048,537,3.120000,0.061000,3
1048,3923,16.020000,0.085000,2
1050,2018,21.130000,0.059000,2
1051,4673,15.010000,0.205000,2
1052,2982,8.350000,0.229000,1
1056,224,17.480000,0.067000,1
1057,149,2.120000,0.108000,2
1064,944,9.280000,0.197000,3
1074,2549,5.120000,0.226000,2
1080,2691,5.290000,0.041000,2
1080,3526,5.120000,0.064000,2
1082,984,0.910000,0.019000,2
1082,5264,5.890000,0.184000,2
1085,617,15.110000,0.008000,2
1086,4366,18.000000,0.193000,1
1088,751,4.620000,0.221000,2
1088,4055,24.270000,0.228000,3
1091,3595,8.560000,0.247000,2
1097,3114,5.010000,0.060000,2
1098,3029,24.950000,0.241000,3
1098,3220,14.000000,0.191000,2
1098,3379,22.450000,0.143000,1
1104,2339,6.730000,0.187000,1
1114,4173,0.380000,0.026000,3
1116,881,4.550000,0.093000,3
1116,2316,13.730000,0.225000,3
1116,5272,21.490000,0.175000,2
1117,4629,9.860000,0.008000,2
1120,2663,20.000000,0.036000,2
1125,699,1.440000,0.044000,1
1126,2774,16.820000,0.183000,2
1128,438,3.100000,0.245000,2
1130,4633,15.050000,0.015000,2
1130,5103,4.250000,0.238000,2
1131,3198,19.470000,0.174000,2
1131,4310,23.470000,0.169000,2
1136,1005,20.320000,0.188000,2
1136,2284,5.530000,0.109000,2
1138,292,10.380000,0.127000,1
1139,726,8.770000,0.137000,2
1139,4594,17.120000,0.055000,2
1140,4771,16.530000,0.121000,3
1147,1159,16.560000,0.095000,2
1147,1234,13.370000,0.216000,2
1147,2875,24.740000,0.035000,2
1151,1637,21.870000,0.161000,2
1151,1664,6.050000,0.033000,1
1151,4160,13.960000,0.140000,2
1151,4499,0.860000,0.026000,2
1152,4248,20.550000,0.248000,2
1154,1015,23.880000,0.136000,2
1154,4568,13.660000,0.201000,2
1155,1508,16.310000,0.213000,2
1156,4100,6.600000,0.211000,2
1160,1780,12.630000,0.166000,2
1163,1625,5.640000,0.119000,2
1163,4927,16.240000,0.122000,2
1165,3706,3.190000,0.230000,2
1167,1957,2.370000,0.153000,1
1168,820,1.230000,0.226000,2
1168,2207,1.940000,0.219000,2
1170,523,14.560000,0.170000,2
1173,4399,7.160000,0.196000,3
1173,4959,17.800000,0.053000,2
1176,3252,6.300000,0.081000,1
1177,4228,7.780000,0.212000,1
1178,4921,5.040000,0.108000,2
1179,3133,18.270000,0.175000,1
1184,2481,8.850000,0.061000,2
1185,1494,9.860000,0.149000,2
1188,5279,6.740000,0.163000,1
1189,245,19.940000,0.154000,3
1191,4946,20.600000,0.239000,2
1192,2262,7.130000,0.131000,3
1195,2930,8.180000,0.129000,2
1198,3165,10.400000,0.153000,2
1200,2643,10.240000,0.143000,3
1200,4893,8.270000,0.200000,3
1201,5039,13.160000,0.096000,3
1202,1275,14.510000,0.009000,1
1202,3952,22.620000,0.078000,2
1203,1660,21.270000,0.033000,3
1204,425,19.190000,0.050000,2
1205,3154,19.000000,0.116000,2
1206,5145,5.630000,0.091000,1
1207,1245,4.650000,0.154000,1
1209,2645,14.130000,0.202000,2
1210,2244,19.290000,0.087000,2
1211,4238,17.650000,0.047000,2
1212,2332,21.780000,0.040000,2
1212,3806,21.660000,0.199000,1
1213,2332,0.770000,0.026000,3
1215,3188,16.980000,0.140000,2
1215,4905,2.440000,0.243000,2
1216,681,24.630000,0.020000,1
1216,1815,11.690000,0.014000,2
1217,270,13.700000,0.096000,2
1218,4267,1.100000,0.151000,2
1223,4691,22.890000,0.153000,3
1224,1148,18.960000,0.141000,3
1225,3413,4.960000,0.015000,3
1226,3303,18.710000,0.228000,2
1227,2187,8.600000,0.236000,2
1227,4410,21.260000,0.130000,2
1229,2440,18.690000,0.141000,2
1230,3761,22.230000,0.008000,2
1233,2747,19.900000,0.122000,2
1234,1609,18.670000,0.060000,1
1239,2710,22.380000,0.111000,2
1239,3135,15.470000,0.121000,2
1242,190,21.510000,0.013000,1
1242,1435,9.740000,0.231000,2
1242,2438,17.360000,0.096000,2
1243,3883,23.560000,0.157000,2
1244,2474,9.510000,0.096000,2
1246,1297,7.990000,0.091000,1
1252,2637,8.920000,0.095000,3
1253,2117,17.460000,0.231000,3
1253,4542,24.090000,0.117000,1
1254,3240,6.610000,0.198000,1
1255,166,7.710000,0.069000,1
1256,1301,17.220000,0.023000,2
1258,831,5.030000,0.208000,2
1259,5361,16.830000,0.195000,1
1264,3203,16.780000,0.080000,2
1265,274,24.100000,0.113000,2
1265,2200,12.760000,0.153000,2
1266,1990,20.990000,0.121000,2
1267,370,1.050000,0.186000,2
1268,3151,4.140000,0.170000,1
1269,5476,8.830000,0.096000,3
1271,3892,1.690000,0.175000,2
1271,4035,4.920000,0.121000,1
1272,1055,7.930000,0.067000,2
1273,1243,13.880000,0.060000,3
1274,4012,2.240000,0.058000,2
1275,594,20.280000,0.226000,2
1276,4559,16.100000,0.009000,2
1279,1072,19.690000,0.173000,2
1279,3138,3.700000,0.037000,1
1282,2163,22.300000,0.142000,1
1283,1198,8.970000,0.182000,2
1284,1100,12.900000,0.114000,2
1285,1097,15.400000,0.206000,1
1285,3970,22.750000,0.014000,2
1287,4281,6.740000,0.147000,1
1289,4010,18.500000,0.125000,2
1293,2526,2.550000,0.236000,1
1293,4069,14.770000,0.040000,1
1294,379,0.450000,0.005000,3
1295,3798,5.900000,0.031000,2
1298,504,22.990000,0.221000,3
1300,1843,23.530000,0.226000,2
1300,4533,0.780000,0.238000,2
1301,2902,15.850000,0.134000,1
1304,4062,4.380000,0.163000,3
1308,587,10.420000,0.241000,3
1309,1853,19.010000,0.108000,2
1311,305,14.910000,0.022000,2
1311,484,5.090000,0.116000,2
1312,1157,14.830000,0.144000,1
1313,5216,12.680000,0.224000,2
1315,2088,22.050000,0.061000,2
1317,1798,17.350000,0.155000,1
1317,5000,3.290000,0.151000,2
1322,52,18.730000,0.124000,3
1324,183,23.790000,0.217000,3
1325,226,19.330000,0.161000,3
1328,3917,3.670000,0.162000,1
1329,1435,22.290000,0.207000,1
1332,533,12.040000,0.015000,2
1332,2358,2.610000,0.239000,2
1334,1736,2.770000,0.068000,1
1336,1030,24.660000,0.066000,2
1336,2906,14.690000,0.204000,1
1337,3661,16.990000,0.072000,2
1338,3226,0.230000,0.182000,1
1340,4205,7.200000,0.103000,2
1342,4830,24.180000,0.224000,2
1343,4761,16.000000,0.069000,2
1345,1388,22.280000,0.132000,2
1345,2638,13.620000,0.242000,2
1345,3844,11.260000,0.103000,3
1347,2567,15.940000,0.007000,3
1350,1922,20.980000,0.134000,3
1350,5288,3.550000,0.163000,3
1351,1364,18.140000,0.197000,3
1356,3771,21.360000,0.140000,2
1356,4214,1.590000,0.176000,2
1358,3528,11.380000,0.008000,2
1359,2210,21.510000,0.250000,1
1361,4983,4.370000,0.233000,3
1363,1620,17.340000,0.015000,3
1366,4734,11.860000,0.168000,3
1368,3955,0.340000,0.215000,3
1372,1092,5.100000,0.158000,2
1374,1292,14.350000,0.150000,2
1374,3526,12.270000,0.047000,3
1375,3366,7.500000,0.014000,2
1379,3084,7.280000,0.213000,2
1380,2497,6.780000,0.183000,3
1383,585,8.910000,0.024000,2
1383,1332,23.830000,0.172000,2
1384,3902,19.900000,0.217000,2
1387,3915,11.900000,0.094000,1
1389,1951,15.310000,0.007000,2
1390,217,18.380000,0.117000,1
1390,743,5.370000,0.030000,3
1392,3292,6.440000,0.189000,1
1393,2221,12.480000,0.172000,2
1393,5144,7.540000,0.209000,2
1394,4198,12.730000,0.049000,2
1395,3130,5.380000,0.212000,2
1398,1915,7.400000,0.034000,3
1401,4178,5.720000,0.018000,2
1403,1208,23.510000,0.229000,3
1404,179,19.820000,0.236000,3
1405,1925,5.700000,0.071000,2
1407,5241,3.230000,0.098000,1
1408,1936,1.220000,0.039000,2
1409,1325,14.340000,0.079000,3
1411,519,24.660000,0.248000,2
1412,149,8.700000,0.032000,3
1413,2091,2.390000,0.247000,1
1416,112,4.770000,0.148000,2
1417,4026,16.210000,0.062000,2
1421,2595,3.310000,0.153000,2
1421,5265,7.830000,0.063000,2
1422,5257,22.880000,0.133000,2
1427,1514,20.060000,0.034000,3
1428,4021,18.550000,0.089000,3
1428,4092,22.040000,0.188000,2
1431,3530,12.730000,0.203000,2
1434,584,22.210000,0.156000,2
1436,2687,3.190000,0.113000,2
1439,2267,19.040000,0.164000,2
1440,1891,11.690000,0.202000,3
1450,3328,5.220000,0.079000,3
1455,3536,22.510000,0.180000,3
1456,1420,5.220000,0.030000,2
1456,1778,15.450000,0.103000,2
1456,5340,22.170000,0.110000,1
1458,1571,9.640000,0.021000,3
1458,4381,17.080000,0.220000,1
1462,3387,21.600000,0.224000,2
1463,2794,19.250000,0.193000,2
1465,803,7.460000,0.146000,1
1471,4060,13.260000,0.052000,3
1471,4490,14.400000,0.232000,2
1473,3024,8.440000,0.087000,2
1473,4035,7.250000,0.208000,2
1473,4861,13.760000,0.057000,2
1475,3491,11.300000,0.234000,3
1476,101,13.930000,0.208000,1
1478,3904,6.480000,0.145000,2
1478,4140,24.020000,0.013000,3
1479,1603,11.690000,0.242000,2
1482,3413,2.070000,0.040000,2
1490,477,22.030000,0.076000,1
1494,952,17.560000,0.174000,2
1495,2221,9.170000,0.074000,1
1496,627,10.580000,0.163000,3
1499,500,3.430000,0.190000,2
1500,2117,6.080000,0.197000,2
1500,3628,10.510000,0.128000,2
1502,4623,12.020000,0.205000,1
1504,2729,6.150000,0.247000,2
1510,1412,18.960000,0.168000,2
1514,776,6.510000,0.183000,1
1515,2,14.190000,0.017000,3
1516,3024,16.730000,0.099000,2
1516,5041,17.680000,0.232000,2
1518,1309,4.160000,0.129000,2
1518,2999,10.920000,0.177000,2
1522,3915,8.030000,0.097000,1
1523,3039,23.890000,0.026000,1
1526,53,17.070000,0.116000,2
1526,3583,3.710000,0.151000,2
1528,245,18.650000,0.053000,2
1531,111,7.610000,0.237000,2
1531,2114,10.210000,0.198000,2
1536,215,0.370000,0.021000,1
1538,3326,9.290000,0.203000,2
1540,480,18.120000,0.122000,2
1540,587,12.200000,0.014000,2
1541,1042,9.550000,0.023000,1
1541,2685,21.140000,0.094000,2
1541,3639,2.830000,0.124000,3
1544,616,10.270000,0.035000,3
1548,5191,10.150000,0.213000,2
1549,3423,24.280000,0.096000,3
1550,3326,18.580000,0.068000,2
1551,3333,11.850000,0.174000,2
1551,4750,22.940000,0.184000,3
1552,2875,1.970000,0.069000,2
1553,656,23.120000,0.213000,3
1554,2767,20.230000,0.026000,1
1555,3561,10.100000,0.056000,1
1555,4198,21.280000,0.195000,2
1559,1533,10.910000,0.140000,2
1559,4873,21.080000,0.217000,3
1560,4709,20.530000,0.088000,2
1561,2614,9.570000,0.017000,2
1563,5017,20.270000,0.233000,2
1568,3760,4.450000,0.027000,3
1569,4097,2.360000,0.245000,2
1570,1286,17.060000,0.086000,2
1573,5072,22.430000,0.063000,2
1574,3558,4.550000,0.064000,1
1577,5270,1.590000,0.097000,3
1589,1109,24.030000,0.195000,1
1590,12,0.240000,0.238000,3
1590,342,20.260000,0.187000,2
1593,1961,15.090000,0.044000,1
1598,3914,16.940000,0.189000,2
1600,2912,7.350000,0.042000,3
1603,210,9.730000,0.243000,2
1603,3416,17.450000,0.008000,2
1604,1961,22.420000,0.057000,1
1604,3410,15.640000,0.131000,2
1606,1111,3.450000,0.119000,2
1606,3598,1.980000,0.019000,1
1609,2275,24.370000,0.179000,3
1609,3700,16.970000,0.096000,2
1613,1950,1.850000,0.121000,2
1620,2254,21.580000,0.067000,1
1620,2297,7.740000,0.111000,2
1623,4994,4.920000,0.095000,2
1624,3524,1.560000,0.219000,2
1626,4241,11.240000,0.149000,2
1628,1635,13.510000,0.198000,2
1631,4457,0.620000,0.244000,2
1632,691,19.180000,0.165000,2
1634,1132,24.570000,0.035000,3
1634,2908,12.100000,0.033000,2
1638,4234,24.480000,0.051000,1
1639,1356,19.840000,0.028000,2
1639,4221,14.380000,0.149000,2
1642,1873,11.170000,0.051000,3
1644,3354,12.430000,0.043000,2
1645,3910,5.560000,0.097000,2
1645,4556,20.370000,0.017000,2
1649,3460,8.150000,0.141000,2
1649,4138,24.060000,0.125000,2
1649,4219,1.280000,0.023000,2
1656,4051,23.950000,0.056000,2
1656,4295,9.320000,0.021000,3
1657,1329,24.790000,0.063000,2
1661,4601,4.860000,0.109000,1
1662,3290,16.680000,0.184000,2
1665,1684,17.360000,0.134000,2
1665,4787,17.610000,0.038000,1
1665,5067,24.750000,0.239000,3
1669,846,23.320000,0.233000,1
1669,3145,14.370000,0.099000,1
1670,1172,7.030000,0.133000,2
1673,3701,19.450000,0.233000,3
1673,4242,11.180000,0.143000,1
1678,3094,15.310000,0.191000,2
1682,3215,14.360000,0.205000,2
1694,3432,21.550000,0.237000,2
1695,3964,16.410000,0.085000,2
1696,1169,17.700000,0.144000,1
1698,4330,15.100000,0.108000,3
1699,4308,16.070000,0.075000,2
1703,2188,22.310000,0.182000,2
1703,4869,15.670000,0.078000,2
1714,820,21.370000,0.044000,2
1715,2480,19.660000,0.134000,1
1717,2345,0.200000,0.177000,2
1718,4698,17.170000,0.204000,1
1723,3671,7.580000,0.041000,2
1723,5148,17.690000,0.083000,3
1725,315,12.500000,0.120000,1
1725,1515,17.520000,0.197000,1
1727,2399,7.100000,0.111000,1
1728,3714,24.010000,0.012000,3
1730,107,5.430000,0.094000,2
1735,2201,21.110000,0.073000,3
1735,2467,20.120000,0.103000,3
1736,530,17.800000,0.079000,1
1737,4676,17.530000,0.085000,1
1739,3331,14.750000,0.119000,3
1739,5337,3.490000,0.153000,2
1742,3550,5.890000,0.011000,2
1743,544,5.130000,0.229000,2
1743,3159,16.900000,0.170000,2
1748,923,15.240000,0.025000,2
1751,1980,9.040000,0.208000,2
1752,467,13.530000,0.101000,2
1752,3831,5.810000,0.093000,2
1756,3757,22.230000,0.206000,3
1758,2717,10.430000,0.231000,3
1758,4055,20.040000,0.019000,2
1759,3655,5.530000,0.034000,3
1762,1117,24.300000,0.222000,2
1763,666,21.720000,0.153000,2
1766,5308,11.500000,0.091000,2
1768,4510,3.530000,0.143000,2
1770,77,19.410000,0.020000,3
1774,1501,6.530000,0.056000,3
1774,3068,0.260000,0.150000,1
1774,3494,17.520000,0.188000,2
1775,1349,12.620000,0.093000,2
1777,139,19.410000,0.248000,2
1779,2148,11.240000,0.117000,1
1781,2362,12.720000,0.227000,1
1785,2601,15.430000,0.048000,3
1786,473,2.630000,0.085000,1
1789,1873,4.120000,0.189000,2
1790,5243,10.280000,0.019000,2
1793,1911,21.130000,0.245000,2
1797,122,12.630000,0.095000,2
1797,206,22.990000,0.055000,2
1797,539,22.460000,0.125000,2
1797,4793,24.710000,0.028000,2
1797,5308,7.750000,0.235000,2
1801,2063,4.060000,0.215000,1
1801,3949,14.380000,0.213000,3
1801,4786,21.710000,0.025000,2
1805,5328,6.220000,0.076000,2
1811,3729,17.680000,0.112000,2
1811,5027,20.690000,0.225000,2
1813,1663,19.400000,0.238000,2
1815,4561,17.710000,0.029000,2
1817,2438,21.770000,0.084000,1
1818,856,7.940000,0.241000,2
1818,3978,7.630000,0.069000,1
1823,2937,0.590000,0.099000,1
1824,1498,5.980000,0.164000,2
1828,1700,14.480000,0.246000,1
1842,764,3.810000,0.039000,1
1845,287,6.360000,0.063000,2
1847,3169,17.010000,0.154000,2
1847,3522,2.460000,0.231000,2
1857,4715,8.570000,0.112000,2
1860,4417,12.150000,0.058000,1
1863,2631,9.750000,0.171000,2
1863,4513,3.080000,0.098000,3
1864,5278,4.570000,0.111000,2
1876,3050,8.990000,0.010000,2
1878,3780,0.340000,0.175000,2
1879,1325,16.370000,0.191000,2
1881,2102,17.340000,0.196000,3
1881,3946,23.140000,0.149000,3
1885,1885,20.270000,0.216000,2
1889,110,20.490000,0.189000,2
1900,83,20.840000,0.212000,2
1906,814,14.140000,0.200000,2
1910,4785,1.350000,0.088000,1
1914,905,10.400000,0.021000,2
1923,3616,18.070000,0.137000,2
1924,3958,1.880000,0.049000,3
1927,709,15.070000,0.237000,2
1929,3545,13.640000,0.063000,2
1931,1823,21.670000,0.082000,2
1932,4829,15.070000,0.115000,2
1933,2997,13.820000,0.176000,2
1935,2084,18.290000,0.114000,1
1936,3750,17.430000,0.045000,2
1937,1493,11.930000,0.078000,1
1937,2997,2.060000,0.149000,2
1939,336,1.900000,0.156000,2
1939,3018,4.710000,0.038000,1
1944,1081,3.850000,0.059000,2
1944,4100,10.680000,0.005000,2
1946,4366,13.100000,0.185000,1
1946,5261,14.160000,0.232000,1
1947,1261,3.810000,0.045000,3
1947,5295,15.080000,0.212000,3
1948,574,15.860000,0.211000,2
1948,688,10.730000,0.206000,2
1948,4560,18.500000,0.220000,3
1949,1530,16.650000,0.198000,2
1951,475,16.530000,0.029000,2
1952,3876,7.400000,0.080000,2
1952,5142,23.230000,0.191000,2
1952,5377,8.730000,0.100000,2
1953,1526,0.690000,0.043000,2
1955,102,3.360000,0.093000,3
1956,5051,20.200000,0.206000,3
1959,4701,0.640000,0.112000,3
1961,3771,13.490000,0.122000,2
1961,3797,16.690000,0.109000,2
1963,4239,11.040000,0.238000,2
1964,2969,17.860000,0.079000,3
1969,1063,5.800000,0.159000,2
1970,2109,11.830000,0.248000,3
1972,282,14.310000,0.153000,3
1973,514,2.520000,0.058000,2
1973,4382,9.140000,0.074000,2
1974,505,11.390000,0.170000,3
1977,1426,15.590000,0.148000,2
1980,722,12.490000,0.121000,2
1981,2263,7.450000,0.236000,3
1985,272,14.510000,0.126000,1
1992,816,11.020000,0.155000,3
1992,3242,0.910000,0.195000,1
1999,990,16.540000,0.118000,2
1999,3365,17.690000,0.048000,2
2003,4363,0.730000,0.158000,3
2008,3957,24.280000,0.036000,2
2008,4838,15.660000,0.142000,3
2011,3826,7.650000,0.160000,1
2012,282,2.330000,0.119000,2
2012,1593,18.290000,0.094000,2
2012,3399,11.620000,0.022000,2
2012,3478,20.810000,0.024000,2
2014,3004,6.110000,0.181000,2
2015,1078,4.920000,0.018000,1
2016,1761,1.860000,0.200000,1
2018,3216,21.330000,0.053000,2
2022,2285,16.650000,0.012000,2
2024,2913,11.650000,0.241000,2
2026,4907,3.140000,0.053000,2
2027,2322,9.740000,0.135000,1
2029,5373,21.160000,0.138000,2
2031,4967,1.290000,0.172000,1
2035,665,19.770000,0.183000,2
2036,3633,22.980000,0.207000,3
2037,4451,19.070000,0.236000,1
2039,3873,2.920000,0.213000,1
2039,4875,7.610000,0.044000,2
2042,2924,14.030000,0.036000,1
2043,620,23.310000,0.205000,2
2043,2283,21.040000,0.224000,2
2044,433,3.000000,0.225000,1
2044,660,21.630000,0.043000,1
2045,1650,23.580000,0.077000,2
2046,5453,20.690000,0.169000,2
2048,239,22.070000,0.105000,2
2048,2028,19.730000,0.009000,2
2049,5355,3.890000,0.229000,2
2050,4988,11.170000,0.111000,3
2051,1869,7.640000,0.072000,1
2052,5173,9.570000,0.065000,3
2054,3222,9.300000,0.069000,2
2059,5004,2.410000,0.103000,2
2059,5183,16.760000,0.088000,2
2060,2903,18.240000,0.203000,2
2062,1419,9.640000,0.235000,3
2067,1672,7.170000,0.247000,1
2070,1966,1.370000,0.016000,2
2073,2539,10.750000,0.151000,1
2073,4729,24.530000,0.007000,2
2074,3736,24.910000,0.054000,1
2075,2833,22.510000,0.240000,2
2079,2460,13.930000,0.184000,1
2079,4770,19.760000,0.234000,3
2081,2346,15.740000,0.011000,2
2083,2487,20.350000,0.151000,3
2084,705,12.040000,0.212000,2
2089,44,24.800000,0.136000,1
2090,4248,18.820000,0.191000,2
2091,195,12.540000,0.133000,2
2091,1466,6.900000,0.063000,1
2091,5288,6.150000,0.155000,3
2093,2115,14.820000,0.127000,2
2095,868,0.530000,0.039000,2
2096,138,13.680000,0.177000,2
2099,235,14.650000,0.049000,3
2101,790,2.660000,0.215000,2
2101,2019,3.780000,0.108000,2
2104,3480,20.890000,0.200000,2
2108,4517,7.920000,0.082000,1
2117,1257,13.070000,0.016000,1
2119,673,4.090000,0.217000,3
2120,261,4.940000,0.118000,2
2121,1899,1.720000,0.019000,1
2122,1707,18.340000,0.022000,2
2123,3855,13.810000,0.047000,2
2124,173,7.360000,0.205000,2
2125,76,19.320000,0.236000,3
2125,3660,16.710000,0.099000,3
2128,1002,5.770000,0.226000,2
2129,2881,6.520000,0.081000,2
2129,4718,23.570000,0.042000,2
2134,3465,5.120000,0.196000,3
2135,3483,2.280000,0.072000,1
2137,958,17.820000,0.160000,2
2137,1460,7.870000,0.172000,1
2138,4339,11.720000,0.190000,2
2139,3731,18.010000,0.047000,2
2140,2862,10.950000,0.030000,2
2141,2181,4.550000,0.068000,2
2142,2452,12.410000,0.032000,3
2143,3657,14.180000,0.128000,2
2143,4582,20.030000,0.102000,1
2145,1488,12.150000,0.162000,1
2147,1998,5.720000,0.085000,2
2148,2959,14.850000,0.159000,2
2148,4404,9.070000,0.200000,3
2149,3657,23.360000,0.206000,2
2150,2494,18.460000,0.127000,2
2152,1302,5.470000,0.104000,1
2154,5163,12.160000,0.150000,3
2158,3078,7.730000,0.153000,2
2158,3675,5.420000,0.148000,2
2162,2333,6.540000,0.036000,2
2163,1910,12.920000,0.068000,2
2163,5316,12.730000,0.007000,1
2164,2582,14.070000,0.081000,2
2164,4034,24.380000,0.087000,2
2167,4715,14.120000,0.118000,3
2168,3669,6.070000,0.177000,2
2169,3547,11.740000,0.093000,2
2169,4179,9.830000,0.140000,2
2170,5039,16.390000,0.083000,2
2171,2638,18.610000,0.083000,2
2174,3217,22.350000,0.164000,2
2176,3644,13.440000,0.074000,2
2177,1339,17.880000,0.150000,1
2178,3413,0.210000,0.071000,2
2179,562,23.180000,0.195000,3
2179,4279,16.710000,0.029000,1
2181,376,21.700000,0.063000,2
2183,5239,17.260000,0.139000,2
2187,4952,13.920000,0.043000,2
2188,2553,14.900000,0.224000,2
2190,264,9.660000,0.121000,1
2191,1400,18.670000,0.161000,2
2192,4387,24.200000,0.041000,2
2192,4659,15.930000,0.166000,3
2194,4368,14.770000,0.153000,2
2196,3391,10.260000,0.142000,2
2198,3196,17.580000,0.232000,3
2202,4636,7.790000,0.157000,1
2204,4559,18.730000,0.196000,3
2210,1276,2.080000,0.099000,2
2212,2545,4.980000,0.174000,2
2212,2621,18.860000,0.064000,3
2217,3613,23.550000,0.223000,2
2222,1793,0.200000,0.071000,2
2224,97,2.240000,0.128000,2
2229,2707,7.090000,0.107000,2
2230,1,0.880000,0.136000,3
2231,1225,19.690000,0.078000,2
2231,5139,12.250000,0.160000,2
2232,4775,11.750000,0.179000,1
2234,5088,1.570000,0.073000,2
2235,711,3.860000,0.012000,2
2235,2167,0.460000,0.079000,1
2238,3830,15.940000,0.215000,2
2243,1740,0.760000,0.176000,1
2245,2089,7.930000,0.111000,2
2245,4989,5.620000,0.126000,2
2252,4589,24.790000,0.038000,2
2253,325,24.080000,0.187000,1
2254,4457,2.100000,0.017000,2
2256,1065,5.070000,0.172000,3
2257,1271,6.140000,0.247000,2
2257,3059,9.790000,0.087000,2
2265,4658,3.510000,0.229000,1
2269,2469,13.530000,0.246000,2
2269,3125,7.180000,0.010000,1
2270,4810,21.790000,0.206000,1
2271,654,7.400000,0.239000,2
2271,3055,15.830000,0.213000,2
2275,1529,9.970000,0.181000,3
2276,3214,1.540000,0.018000,2
2276,3566,23.180000,0.231000,2
2277,1321,6.210000,0.212000,1
2278,932,0.460000,0.187000,3
2279,1515,4.270000,0.020000,2
2281,955,10.260000,0.011000,3
2282,1437,13.560000,0.073000,1
2282,4429,3.590000,0.083000,1
2282,4530,10.960000,0.105000,2
2284,3707,23.700000,0.068000,3
2290,5320,11.500000,0.181000,2
2293,2521,18.930000,0.074000,2
2294,998,9.160000,0.184000,2
2295,3903,2.020000,0.063000,2
2298,2495,14.850000,0.026000,2
2298,3364,2.290000,0.219000,2
2300,2136,21.880000,0.131000,2
2301,2282,24.890000,0.163000,2
2302,5434,20.270000,0.097000,1
2307,4062,14.450000,0.136000,2
2308,3479,21.690000,0.008000,1
2310,1958,24.600000,0.050000,1
2314,352,3.190000,0.045000,2
2314,4415,6.250000,0.073000,2
2315,2901,7.120000,0.186000,1
2316,1132,1.600000,0.019000,1
2321,4627,11.380000,0.099000,2
2323,1645,4.300000,0.079000,2
2323,3350,3.390000,0.149000,2
2324,2605,3.830000,0.247000,2
2325,2515,0.400000,0.079000,2
2326,1314,11.850000,0.210000,2
2328,816,15.020000,0.242000,1
2330,2508,11.910000,0.218000,3
2330,2562,14.480000,0.095000,2
2334,4348,24.980000,0.043000,2
2339,2748,12.430000,0.234000,2
2340,4887,15.070000,0.227000,2
2345,3194,9.550000,0.248000,2
2347,2390,17.350000,0.071000,2
2347,2839,12.410000,0.230000,2
2348,3573,17.330000,0.178000,2
2351,1516,5.750000,0.048000,1
2351,1694,9.540000,0.084000,2
2352,847,12.580000,0.224000,2
2356,604,0.860000,0.030000,2
2357,329,11.150000,0.189000,1
2357,2595,23.530000,0.231000,2
2363,3025,16.460000,0.164000,2
2365,2078,15.580000,0.222000,2
2366,2147,4.970000,0.023000,1
2369,419,5.490000,0.046000,3
2369,1317,3.420000,0.217000,1
2371,3468,22.440000,0.050000,3
2371,4494,1.050000,0.103000,2
2372,1492,6.500000,0.095000,1
2375,2974,11.540000,0.139000,1
2376,1867,13.100000,0.183000,2
2389,4104,0.940000,0.092000,2
2390,2949,5.460000,0.040000,3
2391,1024,15.640000,0.223000,3
2391,1701,23.990000,0.235000,1
2392,558,1.910000,0.067000,2
2392,3070,1.960000,0.048000,3
2397,2661,10.990000,0.118000,2
2398,5363,23.810000,0.094000,2
2400,2012,4.550000,0.197000,2
2401,4061,7.240000,0.154000,2
2403,64,15.450000,0.247000,1
2404,5183,14.450000,0.180000,2
2407,5095,20.240000,0.210000,1
2413,2313,16.490000,0.080000,2
2415,2433,12.670000,0.043000,1
2416,4516,17.120000,0.035000,3
2417,4764,10.010000,0.129000,2
2419,1930,2.690000,0.192000,2
2419,2288,11.990000,0.160000,2
2420,2653,19.330000,0.135000,3
2423,2411,1.220000,0.038000,1
2423,5183,11.400000,0.110000,2
2423,5433,13.890000,0.229000,2
2425,2216,16.820000,0.127000,3
2431,5173,12.980000,0.195000,3
2433,1969,3.110000,0.044000,2
2436,4169,16.110000,0.044000,2
2437,728,10.260000,0.205000,1
2438,3060,8.810000,0.107000,3
2441,2024,5.020000,0.036000,2
2443,2402,13.950000,0.166000,1
2444,2933,19.520000,0.206000,2
2444,3086,13.920000,0.025000,2
2445,4144,3.800000,0.109000,2
2448,1574,22.170000,0.025000,2
2448,2352,24.880000,0.192000,2
2450,350,14.900000,0.091000,3
2450,3707,15.240000,0.033000,2
2451,87,2.720000,0.154000,2
2451,1676,11.900000,0.085000,2
2451,1860,20.610000,0.046000,3
2453,4671,22.950000,0.092000,2
2453,4751,4.310000,0.135000,3
2454,1225,13.470000,0.025000,1
2455,4844,11.440000,0.074000,3
2457,4020,20.780000,0.160000,1
2457,4633,13.220000,0.081000,2
2459,4945,6.780000,0.195000,2
2464,399,20.470000,0.220000,2
2466,3923,13.430000,0.109000,2
2469,2862,14.800000,0.219000,3
2469,4207,10.450000,0.022000,3
2471,1224,16.520000,0.188000,2
2474,2542,4.120000,0.159000,1
2476,2250,1.230000,0.159000,2
2477,5474,14.370000,0.050000,2
2480,1432,18.190000,0.119000,2
2481,1230,10.790000,0.119000,2
2483,1439,13.080000,0.095000,1
2484,1778,4.010000,0.067000,2
2485,1305,6.050000,0.033000,2
2486,1784,11.810000,0.116000,2
2486,2488,24.860000,0.100000,2
2488,2718,11.140000,0.150000,2
2493,1623,8.370000,0.189000,2
2496,4602,5.910000,0.105000,3
2498,38,18.750000,0.040000,3
2502,4913,4.280000,0.240000,2
2502,5352,13.940000,0.221000,3
2504,591,5.460000,0.068000,3
2505,2341,2.560000,0.114000,2
2507,2978,22.170000,0.153000,2
2508,255,9.460000,0.040000,2
2510,4301,13.390000,0.064000,2
2513,1074,1.900000,0.212000,2
2516,3651,19.730000,0.146000,2
2518,4831,16.380000,0.108000,1
2519,2610,21.990000,0.155000,2
2520,870,6.030000,0.113000,2
2523,340,17.530000,0.040000,2
2523,2059,16.080000,0.155000,3
2523,3606,3.830000,0.097000,2
2524,5383,8.750000,0.061000,2
2526,510,3.050000,0.142000,2
2526,1560,14.460000,0.193000,1
2529,4316,2.690000,0.147000,2
2541,1760,7.640000,0.234000,1
2542,3137,16.670000,0.146000,3
2543,4474,10.820000,0.024000,2
2545,4009,19.850000,0.012000,2
2546,5271,12.030000,0.035000,2
2548,3307,6.830000,0.023000,2
2549,851,8.660000,0.196000,3
2550,1491,19.490000,0.115000,2
2551,4741,7.760000,0.134000,3
2555,2824,8.100000,0.205000,1
2560,1883,20.950000,0.198000,2
2560,2654,19.250000,0.102000,2
2561,1403,19.130000,0.131000,2
2561,3574,12.420000,0.005000,2
2561,5012,23.960000,0.007000,2
2561,5164,10.520000,0.212000,1
2562,459,7.400000,0.168000,2
2563,4581,3.250000,0.204000,2
2564,1348,21.520000,0.152000,3
2564,5349,6.530000,0.203000,3
2565,4576,21.920000,0.021000,1
2566,2488,16.280000,0.225000,2
2567,1886,16.950000,0.055000,2
2567,5304,7.000000,0.159000,1
2574,388,6.950000,0.201000,1
2575,1152,1.270000,0.223000,2
2576,477,19.290000,0.039000,2
2578,4920,23.810000,0.214000,2
2580,1530,13.390000,0.224000,2
2584,4072,12.530000,0.165000,1
2588,4169,7.490000,0.223000,2
2591,3458,15.290000,0.102000,3
2592,579,17.310000,0.087000,3
2594,3718,15.390000,0.018000,3
2596,2523,4.230000,0.227000,2
2599,400,12.170000,0.174000,3
2603,4258,3.000000,0.123000,2
2604,3027,12.640000,0.140000,2
2607,2788,22.740000,0.166000,1
2611,318,0.990000,0.192000,1
2611,1572,23.730000,0.050000,2
2611,4552,8.700000,0.167000,2
2612,1824,2.330000,0.051000,3
2614,2406,17.920000,0.080000,1
2614,2430,23.680000,0.102000,3
2614,3885,19.550000,0.223000,2
2615,309,20.230000,0.074000,2
2616,1100,24.880000,0.245000,3
2616,5287,22.280000,0.040000,3
2618,5339,18.170000,0.091000,2
2619,4656,4.590000,0.184000,3
2620,1737,22.750000,0.153000,2
2624,1503,18.860000,0.134000,2
2624,2895,15.620000,0.118000,1
2633,1108,21.420000,0.036000,1
2633,1996,13.100000,0.246000,2
2634,21,22.080000,0.100000,1
2634,751,5.610000,0.047000,3
2635,1768,2.040000,0.206000,2
2635,4341,22.890000,0.154000,2
2638,3109,4.080000,0.061000,2
2640,4738,19.210000,0.043000,2
2643,384,17.600000,0.115000,1
2644,1946,5.330000,0.189000,2
2647,1307,0.210000,0.123000,2
2648,2361,16.940000,0.154000,2
2653,2295,1.280000,0.171000,1
2653,4219,23.410000,0.018000,2
2654,5193,20.310000,0.223000,2
2656,2369,3.080000,0.175000,2
2657,3234,12.010000,0.098000,3
2659,813,14.620000,0.181000,1
2660,1183,22.490000,0.153000,2
2660,4154,21.430000,0.082000,2
2661,1084,24.110000,0.052000,2
2663,1483,3.290000,0.216000,1
2664,350,8.550000,0.098000,1
2664,5086,10.790000,0.170000,2
2666,3203,11.760000,0.196000,1
2666,3368,7.370000,0.070000,1
2669,2205,16.060000,0.132000,2
2673,692,12.600000,0.061000,3
2675,3127,22.820000,0.124000,2
2676,5053,20.090000,0.250000,3
2682,1854,15.520000,0.125000,2
2691,189,11.510000,0.245000,2
2691,1025,6.650000,0.054000,3
2692,1516,18.380000,0.080000,3
2693,302,10.350000,0.097000,2
2693,1854,14.280000,0.081000,2
2693,4189,22.640000,0.223000,1
2697,1096,24.050000,0.155000,2
2699,1191,10.640000,0.076000,2
2699,2420,7.320000,0.194000,2
2699,4729,21.130000,0.090000,3
2703,1359,12.240000,0.020000,2
2704,214,19.530000,0.195000,3
2706,24,19.700000,0.073000,2
2706,3632,13.340000,0.181000,2
2708,3769,8.110000,0.100000,3
2710,3543,21.030000,0.060000,2
2712,3041,16.650000,0.118000,1
2716,2703,6.750000,0.030000,2
2717,4244,20.530000,0.066000,3
2720,1839,1.450000,0.124000,2
2722,1943,18.630000,0.171000,2
2723,5455,11.790000,0.181000,3
2725,3575,20.590000,0.231000,2
2729,4376,9.780000,0.152000,1
2729,4856,6.390000,0.146000,2
2732,619,7.840000,0.020000,2
2733,1559,14.900000,0.029000,2
2734,45,24.900000,0.144000,3
2734,4362,12.030000,0.082000,2
2737,2841,17.940000,0.178000,3
2738,2200,7.550000,0.071000,2
2738,2701,8.500000,0.242000,3
2738,4929,6.590000,0.115000,2
2743,3868,20.510000,0.083000,1
2744,738,14.640000,0.055000,2
2744,4538,4.590000,0.123000,3
2745,1232,11.020000,0.015000,1
2752,4671,9.930000,0.190000,2
2756,3462,11.440000,0.233000,2
2757,3547,2.750000,0.045000,2
2759,1283,8.770000,0.230000,1
2760,4656,8.780000,0.130000,2
2760,5182,0.510000,0.099000,2
2761,333,4.320000,0.063000,2
2762,658,21.360000,0.031000,2
2762,4446,11.450000,0.158000,2
2763,5167,5.170000,0.006000,2
2770,883,8.270000,0.144000,2
2771,3924,20.800000,0.118000,3
2774,3527,15.090000,0.230000,1
2776,5256,12.430000,0.075000,3
2777,4435,11.320000,0.205000,3
2777,5408,3.040000,0.244000,1
2782,3795,14.580000,0.179000,1
2782,3875,15.100000,0.151000,2
2783,305,6.710000,0.246000,3
2784,1861,14.120000,0.179000,2
2786,3033,6.400000,0.158000,1
2787,4988,19.190000,0.042000,3
2789,267,1.850000,0.220000,2
2789,4142,9.380000,0.194000,1
2789,4675,6.270000,0.232000,2
2794,339,3.690000,0.062000,2
2794,3683,6.950000,0.148000,2
2795,3763,4.300000,0.227000,2
2798,4355,24.680000,0.219000,3
2799,1315,21.530000,0.011000,1
2801,529,14.290000,0.129000,2
2801,2921,2.190000,0.100000,2
2804,3841,5.540000,0.074000,2
2807,1115,22.790000,0.236000,1
2808,625,20.640000,0.188000,2
2809,5140,6.960000,0.143000,2
2810,1340,16.390000,0.100000,2
2810,2048,13.940000,0.097000,1
2810,3620,4.580000,0.136000,3
2813,3963,2.200000,0.033000,3
2814,432,20.080000,0.225000,1
2815,981,21.080000,0.074000,2
2817,1918,14.700000,0.035000,2
2817,5380,24.110000,0.200000,3
2818,387,16.560000,0.023000,2
2831,2914,20.720000,0.229000,2
2833,5130,14.600000,0.023000,3
2835,5366,18.340000,0.195000,2
2837,500,12.350000,0.154000,3
2837,2305,21.870000,0.030000,1
2838,1488,21.400000,0.038000,2
2839,2691,8.570000,0.105000,2
2840,1767,10.530000,0.213000,2
2841,149,9.250000,0.120000,2
2842,1820,21.010000,0.190000,1
2842,3424,0.890000,0.018000,3
2843,723,19.480000,0.232000,2
2845,3725,11.440000,0.025000,2
2847,1611,5.640000,0.223000,2
2847,3604,1.170000,0.068000,3
2849,1311,15.070000,0.158000,2
2853,609,7.230000,0.108000,2
2853,3960,14.540000,0.143000,2
2854,1475,10.170000,0.191000,2
2855,2711,21.420000,0.039000,1
2857,1242,3.810000,0.203000,1
2857,3703,23.860000,0.007000,2
2858,5010,0.380000,0.007000,1
2859,4161,19.180000,0.021000,2
2861,1935,0.740000,0.121000,3
2861,2303,23.140000,0.041000,2
2863,4599,20.770000,0.079000,2
2864,4579,17.180000,0.124000,2
2865,2091,12.360000,0.135000,1
2872,4569,13.770000,0.014000,2
2876,1494,12.650000,0.230000,1
2877,498,22.770000,0.203000,3
2877,3804,2.130000,0.163000,1
2877,4099,17.930000,0.128000,2
2878,4415,23.030000,0.238000,1
2884,4397,11.760000,0.050000,3
2886,686,6.850000,0.148000,2
2891,3276,21.060000,0.062000,2
2892,514,19.940000,0.041000,3
2892,708,21.270000,0.201000,2
2893,4725,17.040000,0.035000,2
2895,717,20.780000,0.122000,2
2897,2267,7.880000,0.128000,2
2900,3457,14.550000,0.049000,1
2902,3335,2.290000,0.155000,3
2903,3473,21.380000,0.146000,2
2906,3456,20.290000,0.035000,2
2907,439,5.580000,0.228000,3
2907,5159,9.320000,0.063000,2
2909,737,20.910000,0.138000,1
2909,2148,20.870000,0.228000,2
2912,4980,6.240000,0.116000,2
2916,3499,2.440000,0.208000,2
2917,4698,12.810000,0.151000,3
2920,1493,16.870000,0.249000,2
2921,1385,0.820000,0.046000,3
2924,5139,2.800000,0.114000,2
2927,2865,9.510000,0.220000,3
2933,2848,0.570000,0.007000,2
2933,5362,8.390000,0.132000,2
2940,3122,9.350000,0.194000,2
2941,2416,16.360000,0.091000,2
2947,3254,17.640000,0.111000,2
2948,2399,4.380000,0.023000,1
2949,4223,0.510000,0.081000,3
2950,1359,12.650000,0.086000,2
2951,4016,5.100000,0.177000,2
2952,4781,6.000000,0.063000,2
2954,1392,16.060000,0.119000,2
2955,3745,19.240000,0.227000,2
2957,2416,13.300000,0.205000,2
2958,1785,15.550000,0.148000,1
2959,2020,13.010000,0.017000,1
2960,2957,18.110000,0.175000,2
2964,881,3.940000,0.250000,1
2964,3758,21.810000,0.228000,2
2967,4053,21.570000,0.172000,1
2969,502,19.700000,0.201000,1
2969,3602,24.660000,0.209000,1
2971,796,18.960000,0.088000,2
2972,2824,20.030000,0.207000,2
2972,2982,12.500000,0.062000,3
2973,4265,11.360000,0.048000,1
2973,4481,2.460000,0.239000,3
2978,3022,16.200000,0.050000,2
2980,1224,12.490000,0.188000,3
2981,1831,1.250000,0.213000,2
2981,3862,17.140000,0.230000,1
2985,2718,12.380000,0.106000,1
2985,3371,11.390000,0.049000,2
2986,3070,13.790000,0.090000,2
2987,231,23.180000,0.042000,1
2987,1664,18.430000,0.054000,2
2988,1322,23.630000,0.161000,2
2989,2022,2.980000,0.159000,1
2989,4880,17.620000,0.108000,3
2990,2177,6.510000,0.202000,2
2992,389,5.810000,0.207000,2
2996,1123,16.510000,0.088000,2
2996,1843,17.020000,0.014000,2
3000,5032,2.600000,0.081000,2
3001,1155,23.870000,0.196000,1
3002,2371,12.090000,0.051000,2
3002,2433,12.360000,0.193000,2
3003,4395,2.420000,0.203000,3
3012,3588,1.160000,0.100000,2
3013,1386,10.550000,0.100000,2
3019,3654,5.550000,0.174000,2
3021,950,3.480000,0.095000,3
3024,198,0.710000,0.026000,2
3024,1338,13.420000,0.059000,3
3029,4352,3.970000,0.089000,2
3030,4899,12.450000,0.106000,2
3033,1851,17.040000,0.194000,2
3035,2083,14.500000,0.073000,2
3036,1038,14.220000,0.100000,2
3037,367,20.480000,0.015000,2
3040,1598,14.940000,0.094000,2
3042,4097,24.590000,0.081000,2
3044,2776,20.340000,0.232000,2
3048,4912,23.310000,0.062000,2
3049,3783,19.210000,0.035000,2
3053,1595,8.770000,0.062000,2
3057,3482,14.530000,0.030000,2
3058,58,6.010000,0.225000,1
3060,518,23.880000,0.034000,2
3060,5474,1.070000,0.057000,2
3061,2071,19.390000,0.177000,3
3061,4323,16.030000,0.083000,1
3066,3503,12.440000,0.052000,2
3066,4011,18.730000,0.222000,2
3067,3987,23.430000,0.240000,1
3070,610,15.290000,0.221000,1
3070,656,18.100000,0.136000,3
3073,423,2.620000,0.141000,2
3076,1745,11.980000,0.036000,3
3080,1620,9.970000,0.093000,3
3080,4093,17.400000,0.062000,2
3084,3714,20.250000,0.194000,1
3087,862,20.130000,0.144000,2
3087,1462,16.940000,0.138000,1
3090,4050,19.010000,0.245000,2
3091,278,1.790000,0.164000,2
3094,1192,2.580000,0.204000,2
3095,1853,12.710000,0.148000,1
3097,4166,6.210000,0.213000,1
3098,4056,24.800000,0.078000,3
3099,3912,11.720000,0.151000,2
3102,2868,19.880000,0.229000,2
3106,455,9.870000,0.220000,3
3107,2419,0.860000,0.169000,3
3109,2752,2.170000,0.072000,3
3110,2412,24.080000,0.224000,1
3112,905,18.610000,0.242000,2
3117,2791,1.930000,0.155000,2
3117,3433,10.250000,0.216000,2
3118,1282,24.630000,0.043000,2
3118,1308,24.310000,0.238000,2
3118,1466,13.970000,0.186000,1
3118,4971,22.280000,0.161000,2
3119,4170,20.970000,0.144000,1
3121,5135,6.870000,0.237000,2
3125,1364,0.970000,0.244000,2
3126,5134,17.350000,0.224000,2
3131,84,17.200000,0.022000,3
3131,1990,3.290000,0.080000,2
3135,801,5.660000,0.185000,2
3138,5354,5.510000,0.043000,1
3139,627,7.750000,0.053000,3
3143,50,13.100000,0.056000,3
3147,1760,16.440000,0.243000,2
3148,4156,7.930000,0.046000,2
3149,4288,9.780000,0.245000,3
3150,2206,14.010000,0.008000,2
3151,3181,12.260000,0.248000,2
3152,3489,16.360000,0.221000,2
3153,5110,8.450000,0.013000,2
3154,5,15.810000,0.021000,3
3156,1539,22.200000,0.133000,1
3157,117,7.030000,0.067000,2
3157,3268,2.670000,0.055000,3
3158,5008,14.490000,0.009000,3
3159,5355,18.500000,0.133000,3
3161,835,16.260000,0.043000,3
3161,2538,1.230000,0.174000,2
3161,3692,9.040000,0.078000,1
3165,5013,13.600000,0.177000,2
3166,303,10.150000,0.102000,1
3167,5370,5.870000,0.215000,2
3173,2314,19.230000,0.179000,2
3175,1915,21.760000,0.087000,2
3176,5110,5.120000,0.072000,2
3180,625,19.080000,0.214000,2
3184,478,20.120000,0.234000,2
3184,975,24.580000,0.249000,2
3184,5268,20.040000,0.123000,3
3186,4907,9.380000,0.046000,3
3189,1460,2.750000,0.241000,2
3191,205,14.990000,0.107000,2
3192,4853,10.440000,0.059000,2
3192,5016,3.180000,0.238000,2
3193,4118,4.620000,0.152000,3
3194,880,3.210000,0.152000,2
3195,3238,8.730000,0.047000,2
3197,862,4.180000,0.079000,2
3198,527,15.140000,0.066000,2
3199,5081,23.200000,0.221000,2
3200,522,8.140000,0.214000,2
3200,1563,21.290000,0.117000,3
3201,212,24.180000,0.015000,1
3201,1277,18.750000,0.083000,3
3202,2103,1.080000,0.131000,3
3204,4914,11.790000,0.203000,2
3210,3864,5.500000,0.120000,2
3217,2114,6.710000,0.180000,3
3221,2437,10.360000,0.021000,2
3227,4386,4.990000,0.236000,2
3229,4534,5.200000,0.232000,1
3231,445,14.940000,0.129000,3
3240,2651,16.670000,0.223000,2
3240,3579,15.900000,0.125000,3
3241,4439,7.300000,0.143000,1
3244,3727,4.770000,0.222000,2
3245,2623,6.880000,0.223000,3
3246,1118,18.490000,0.088000,2
3246,2422,2.100000,0.031000,2
3247,5157,3.840000,0.078000,1
3260,4061,20.050000,0.018000,1
3264,2313,4.940000,0.017000,1
3265,459,20.660000,0.054000,3
3265,3169,1.740000,0.012000,1
3265,3339,18.690000,0.121000,2
3265,5309,23.570000,0.064000,3
3266,1441,4.590000,0.095000,2
3266,4108,0.510000,0.026000,3
3277,4303,12.870000,0.036000,1
3279,3721,17.350000,0.100000,2
3279,4818,8.350000,0.008000,3
3280,4954,19.260000,0.142000,3
3282,2643,12.460000,0.069000,2
3286,1135,2.760000,0.223000,2
3286,3233,13.430000,0.183000,3
3287,4085,8.730000,0.213000,1
3291,996,23.890000,0.123000,3
3294,4290,10.570000,0.216000,2
3301,2350,5.090000,0.180000,2
3303,3596,21.360000,0.213000,2
3305,2147,14.070000,0.024000,2
3305,3710,10.490000,0.136000,2
3306,319,3.810000,0.168000,2
3308,879,18.340000,0.044000,2
3311,3183,12.150000,0.038000,2
3315,423,18.160000,0.043000,3
3315,2930,17.500000,0.209000,2
3317,4470,16.850000,0.166000,2
3323,2399,21.790000,0.246000,1
3323,4359,21.240000,0.152000,2
3324,1873,14.140000,0.072000,3
3328,4823,10.790000,0.199000,2
3329,4346,10.060000,0.065000,2
3329,4867,1.800000,0.043000,3
3339,399,14.480000,0.241000,1
3341,4992,5.800000,0.117000,3
3343,1491,2.310000,0.225000,2
3347,4866,9.770000,0.116000,2
3352,3463,10.770000,0.233000,2
3363,1004,2.580000,0.042000,3
3365,3786,8.130000,0.131000,2
3365,4089,1.440000,0.234000,1
3366,1621,12.500000,0.024000,1
3369,1828,13.470000,0.145000,2
3374,5203,11.120000,0.069000,2
3375,122,7.240000,0.185000,1
3375,1805,2.580000,0.026000,2
3376,3453,16.310000,0.065000,2
3376,4206,3.280000,0.218000,2
3377,3661,5.010000,0.083000,1
3381,2823,24.220000,0.008000,3
3383,1824,4.150000,0.108000,2
3384,1983,18.370000,0.087000,1
3384,2353,24.970000,0.248000,1
3385,4370,24.870000,0.065000,1
3390,197,3.810000,0.099000,3
3390,475,5.940000,0.011000,2
3390,2317,3.350000,0.040000,3
3399,1530,21.580000,0.016000,3
3401,4446,18.240000,0.045000,1
3407,683,8.220000,0.159000,2
3407,1161,19.830000,0.095000,2
3409,5156,24.580000,0.236000,3
3411,1143,7.280000,0.138000,2
3412,4135,5.020000,0.027000,2
3413,4813,20.620000,0.163000,2
3416,5454,10.340000,0.160000,2
3418,1842,17.930000,0.128000,2
3418,4441,12.530000,0.249000,2
3423,4634,3.290000,0.235000,2
3424,4660,9.910000,0.045000,2
3428,4275,9.760000,0.242000,2
3429,2896,5.210000,0.211000,3
3433,833,20.450000,0.110000,2
3433,2708,3.550000,0.120000,2
3434,1764,1.220000,0.091000,2
3435,1847,24.710000,0.247000,3
3437,469,11.220000,0.121000,2
3437,2370,19.250000,0.077000,2
3437,2405,11.260000,0.227000,1
3439,3352,9.460000,0.204000,3
3439,3379,19.690000,0.060000,3
3444,864,5.290000,0.144000,1
3447,2316,0.960000,0.082000,1
3448,1170,7.500000,0.241000,2
3452,2787,4.830000,0.053000,2
3458,1341,13.190000,0.218000,2
3459,2133,24.640000,0.177000,1
3459,3910,22.230000,0.214000,3
3459,4881,19.150000,0.084000,3
3461,721,24.740000,0.215000,1
3461,3046,13.160000,0.194000,3
3463,4232,3.940000,0.180000,1
3471,4805,11.880000,0.047000,3
3473,39,15.340000,0.203000,3
3475,2235,6.670000,0.037000,1
3475,2951,9.510000,0.165000,3
3476,75,15.760000,0.152000,1
3477,1218,19.390000,0.080000,2
3478,4878,0.650000,0.053000,2
3479,3536,17.340000,0.245000,2
3488,136,1.380000,0.095000,2
3489,262,12.840000,0.128000,1
3489,4166,7.820000,0.030000,2
3489,4558,22.790000,0.210000,2
3489,4997,3.080000,0.156000,3
3492,4586,19.100000,0.241000,3
3500,4532,13.550000,0.055000,1
3502,3328,9.260000,0.122000,2
3507,4997,17.200000,0.178000,3
3508,547,11.450000,0.229000,2
3509,651,24.060000,0.144000,3
3509,1113,11.700000,0.097000,2
3510,4245,20.390000,0.124000,2
3511,3347,14.630000,0.037000,2
3512,1473,7.630000,0.136000,3
3513,4193,7.820000,0.192000,3
3514,5081,22.990000,0.063000,2
3515,4267,2.640000,0.027000,2
3516,4896,5.640000,0.065000,2
3518,2019,19.610000,0.028000,2
3519,3686,6.900000,0.015000,2
3520,482,23.960000,0.034000,2
3520,2881,18.270000,0.017000,1
3521,3873,14.850000,0.071000,2
3522,3870,16.440000,0.174000,3
3527,3445,22.370000,0.193000,3
3529,11,12.220000,0.040000,1
3533,4805,18.590000,0.017000,2
3535,2839,24.220000,0.150000,3
3543,236,14.390000,0.239000,2
3547,5059,1.410000,0.036000,2
3549,3677,15.510000,0.036000,2
3550,2611,22.740000,0.136000,2
3551,4255,21.590000,0.175000,3
3556,3800,4.260000,0.185000,1
3558,1656,18.650000,0.025000,2
3558,4036,2.310000,0.031000,2
3564,1543,9.850000,0.025000,2
3564,2832,13.760000,0.068000,2
3567,2946,12.070000,0.047000,3
3568,56,3.130000,0.039000,1
3568,2651,8.160000,0.086000,2
3570,880,1.440000,0.210000,2
3571,4494,7.250000,0.057000,2
3572,3061,6.770000,0.051000,2
3574,5055,14.050000,0.039000,1
3578,1088,14.300000,0.141000,2
3580,1420,20.600000,0.007000,2
3583,2251,15.850000,0.048000,2
3587,1709,4.560000,0.115000,1
3587,2261,14.820000,0.239000,2
3587,4975,14.410000,0.092000,2
3588,38,3.120000,0.101000,3
3591,350,12.040000,0.102000,2
3593,1257,10.260000,0.161000,3
3594,2841,21.670000,0.228000,1
3597,2180,22.170000,0.182000,2
3597,3792,8.410000,0.083000,3
3599,979,14.520000,0.206000,3
3600,5471,1.170000,0.109000,2
3605,429,21.230000,0.045000,1
3609,4718,16.270000,0.024000,3
3610,2632,0.760000,0.115000,3
3610,4367,5.850000,0.077000,3
3611,4902,2.990000,0.024000,1
3614,3916,5.970000,0.218000,2
3616,3893,23.040000,0.148000,1
3619,2766,6.640000,0.055000,2
3624,1325,7.690000,0.091000,2
3631,445,16.290000,0.211000,1
3631,2140,22.440000,0.029000,3
3632,5088,19.290000,0.081000,2
3637,3288,1.970000,0.202000,3
3640,4799,9.480000,0.101000,3
3642,1861,10.140000,0.209000,3
3642,1898,19.520000,0.014000,3
3642,2094,19.960000,0.192000,2
3643,1696,13.240000,0.172000,2
3645,4749,10.160000,0.213000,1
3646,3867,15.740000,0.042000,2
3648,1585,10.260000,0.100000,2
3656,2727,11.310000,0.069000,2
3656,3349,8.910000,0.061000,2
3657,541,16.410000,0.205000,2
3657,4446,11.020000,0.143000,2
3660,87,8.040000,0.054000,2
3664,4692,1.630000,0.235000,3
3665,4837,22.750000,0.027000,2
3670,4123,13.180000,0.114000,2
3672,2316,9.160000,0.084000,2
3675,349,18.590000,0.092000,2
3675,4873,22.210000,0.160000,3
3676,2761,0.990000,0.080000,2
3680,529,20.900000,0.052000,2
3683,146,3.460000,0.028000,2
3684,3664,22.220000,0.239000,1
3684,4310,5.060000,0.214000,2
3685,2578,11.600000,0.136000,2
3686,1899,18.090000,0.136000,2
3688,1900,9.620000,0.046000,2
3691,1165,6.800000,0.185000,1
3693,146,15.020000,0.007000,2
3695,350,3.080000,0.007000,1
3698,5405,1.340000,0.045000,2
3700,1348,19.360000,0.232000,1
3703,1640,7.790000,0.121000,3
3704,4160,16.740000,0.179000,2
3705,1870,11.560000,0.113000,2
3706,1531,8.950000,0.157000,1
3706,2962,19.490000,0.110000,2
3706,3697,5.600000,0.215000,1
3707,1415,5.270000,0.023000,3
3708,5209,15.290000,0.145000,2
3710,2294,24.330000,0.100000,1
3710,3049,12.140000,0.030000,2
3711,2493,14.320000,0.052000,2
3713,3230,1.360000,0.080000,2
3714,2364,15.220000,0.161000,2
3715,2920,15.140000,0.031000,1
3716,2477,1.620000,0.010000,2
3723,2401,19.910000,0.195000,2
3725,2641,16.350000,0.207000,2
3726,910,11.030000,0.086000,3
3729,2722,4.170000,0.088000,1
3732,86,17.830000,0.194000,2
3732,2458,2.500000,0.064000,1
3732,3013,21.610000,0.027000,3
3733,404,5.500000,0.229000,3
3733,2737,21.070000,0.061000,3
3734,4191,11.000000,0.084000,2
3737,748,15.720000,0.214000,2
3740,1766,15.670000,0.201000,2
3741,4174,1.410000,0.085000,2
3743,3197,17.890000,0.024000,3
3743,4602,16.460000,0.135000,2
3747,3015,7.020000,0.209000,3
3749,4473,21.930000,0.217000,2
3750,1273,4.440000,0.109000,3
3750,1783,15.840000,0.250000,2
3751,397,1.940000,0.182000,3
3752,2436,21.820000,0.098000,2
3759,2547,4.540000,0.075000,2
3759,3320,13.100000,0.015000,2
3759,5089,17.950000,0.033000,2
3761,812,23.520000,0.211000,2
3763,3015,15.000000,0.149000,2
3766,2074,17.040000,0.226000,3
3769,2084,10.430000,0.223000,2
3771,4982,10.260000,0.117000,2
3773,854,3.550000,0.159000,1
3775,4137,22.390000,0.095000,3
3777,2768,20.730000,0.120000,2
3778,5085,15.230000,0.118000,3
3779,4437,2.520000,0.126000,1
3781,5476,3.780000,0.195000,2
3787,3784,13.880000,0.045000,1
3796,420,16.750000,0.029000,2
3798,5096,23.930000,0.071000,2
3800,3146,9.180000,0.114000,1
3801,3110,14.720000,0.211000,2
3802,4674,24.010000,0.045000,2
3805,5124,22.610000,0.210000,1
3806,3632,14.320000,0.227000,2
3807,4791,14.300000,0.185000,3
3809,5448,9.330000,0.152000,2
3811,3468,16.780000,0.026000,2
3813,164,6.000000,0.178000,2
3813,870,17.450000,0.182000,1
3813,2979,15.890000,0.015000,2
3814,1309,11.750000,0.107000,3
3817,2530,9.960000,0.203000,2
3817,3442,18.060000,0.205000,2
3817,4359,3.170000,0.122000,2
3818,331,0.570000,0.221000,3
3818,3003,11.580000,0.214000,2
3821,3851,20.850000,0.009000,3
3822,5388,22.080000,0.109000,2
3824,1061,10.840000,0.216000,2
3825,4461,23.460000,0.036000,3
3827,2658,4.800000,0.104000,2
3834,2650,19.350000,0.212000,2
3837,5033,2.110000,0.167000,1
3839,1242,14.380000,0.014000,2
3839,3119,0.240000,0.141000,2
3839,4921,18.230000,0.169000,1
3841,4947,17.010000,0.136000,1
3849,2339,16.950000,0.161000,2
3849,4704,6.090000,0.212000,2
3850,2394,0.400000,0.120000,2
3851,3005,19.230000,0.115000,2
3852,1073,7.070000,0.157000,3
3852,4354,15.180000,0.081000,2
3855,3812,20.190000,0.040000,3
3861,1456,23.440000,0.061000,2
3864,52,14.690000,0.196000,2
3864,5377,14.880000,0.106000,2
3866,3251,23.430000,0.015000,1
3867,190,16.380000,0.007000,2
3870,3515,22.030000,0.024000,2
3872,3887,12.370000,0.215000,2
3874,5244,15.050000,0.079000,1
3876,5384,24.280000,0.024000,2
3877,4151,7.830000,0.116000,2
3879,3785,6.510000,0.250000,2
3880,709,9.630000,0.162000,1
3881,816,15.630000,0.038000,3
3883,2440,13.850000,0.058000,2
3884,1953,8.260000,0.221000,2
3887,1406,22.820000,0.234000,2
3888,634,20.400000,0.173000,2
3888,5199,13.920000,0.207000,2
3889,2013,7.800000,0.071000,2
3890,686,15.790000,0.026000,1
3892,488,2.890000,0.235000,2
3892,5113,23.630000,0.157000,1
3893,4173,14.180000,0.179000,2
3893,4304,13.810000,0.136000,1
3897,1349,23.690000,0.056000,1
3897,2409,12.860000,0.236000,2
3897,3264,10.140000,0.080000,2
3901,366,23.990000,0.192000,1
3901,1994,14.740000,0.141000,2
3903,1894,10.730000,0.057000,1
3904,817,14.160000,0.028000,2
3904,4187,19.970000,0.042000,1
3904,4903,4.230000,0.131000,2
3906,1414,21.670000,0.136000,1
3907,2837,18.200000,0.032000,2
3910,3288,5.920000,0.018000,1
3911,529,7.270000,0.202000,2
3911,1386,20.820000,0.054000,2
3917,5380,8.340000,0.111000,1
3922,1061,8.070000,0.112000,2
3922,2098,22.220000,0.144000,2
3922,3759,11.120000,0.035000,2
3926,4382,19.250000,0.118000,2
3927,2843,9.180000,0.116000,1
3927,3848,4.140000,0.196000,2
3932,2393,5.840000,0.113000,2
3934,1581,2.880000,0.130000,2
3934,4556,12.660000,0.043000,1
3935,928,6.430000,0.132000,1
3949,4867,18.750000,0.163000,1
3951,1522,10.690000,0.006000,2
3953,2940,5.410000,0.087000,2
3957,1175,18.820000,0.171000,2
3959,3595,5.870000,0.237000,1
3960,2739,13.970000,0.122000,2
3962,2460,12.410000,0.224000,2
3963,4884,8.740000,0.063000,1
3965,3875,18.890000,0.044000,2
3967,3546,7.850000,0.013000,2
3969,4216,4.630000,0.068000,1
3969,4982,1.800000,0.098000,3
3971,3050,20.840000,0.108000,1
3972,2324,5.290000,0.153000,2
3978,477,6.330000,0.006000,2
3980,1867,23.380000,0.044000,2
3980,4573,11.920000,0.071000,2
3984,2534,13.150000,0.224000,3
3986,1033,1.040000,0.092000,1
3988,2663,2.690000,0.018000,1
3988,4435,19.200000,0.214000,2
3988,4475,24.200000,0.177000,3
3989,1819,9.280000,0.135000,2
3991,1284,15.520000,0.213000,3
3993,2181,6.360000,0.201000,1
3995,1944,13.790000,0.040000,3
3996,104,8.010000,0.175000,2
3997,2184,8.380000,0.138000,2
3998,834,16.650000,0.160000,2
3999,4059,4.550000,0.096000,2
4000,1801,22.980000,0.238000,1
4003,1529,11.980000,0.036000,2
4004,3710,8.630000,0.042000,2
4008,3139,9.760000,0.240000,2
4009,993,20.970000,0.068000,3
4017,2189,20.180000,0.031000,2
4018,2165,12.220000,0.057000,3
4019,1167,19.250000,0.167000,2
4022,893,9.210000,0.132000,3
4022,1628,7.260000,0.148000,2
4024,3831,24.080000,0.237000,2
4029,942,11.620000,0.187000,2
4029,4568,18.410000,0.226000,2
4033,833,1.110000,0.151000,3
4033,2305,13.060000,0.081000,2
4039,4021,18.800000,0.141000,2
4043,4407,13.030000,0.074000,2
4044,2963,6.130000,0.076000,3
4046,4907,2.070000,0.124000,2
4051,5255,2.600000,0.236000,2
4053,201,2.810000,0.033000,2
4056,702,15.650000,0.057000,1
4057,3987,3.400000,0.230000,2
4060,1166,1.860000,0.172000,2
4063,521,6.950000,0.020000,3
4063,800,19.220000,0.076000,2
4063,1615,3.710000,0.026000,2
4064,837,10.920000,0.201000,3
4064,1745,24.780000,0.165000,2
4065,5037,4.540000,0.068000,2
4070,2732,15.890000,0.131000,2
4071,375,8.620000,0.108000,2
4074,2406,9.390000,0.179000,2
4078,1695,10.770000,0.016000,2
4078,4130,23.750000,0.097000,1
4078,5215,16.240000,0.042000,3
4080,4066,6.640000,0.218000,2
4082,2527,0.910000,0.039000,2
4083,3856,7.460000,0.231000,2
4085,2097,13.570000,0.090000,3
4085,3175,19.110000,0.057000,2
4088,981,12.480000,0.106000,1
4088,3551,20.360000,0.027000,3
4091,1935,5.660000,0.098000,2
4091,4535,24.150000,0.024000,2
4092,3149,10.790000,0.160000,2
4096,937,15.360000,0.089000,2
4097,5036,16.690000,0.121000,1
4099,11,16.670000,0.106000,2
4099,2956,10.260000,0.190000,2
4104,1366,5.970000,0.219000,2
4105,2418,11.700000,0.050000,3
4105,2875,18.830000,0.127000,2
4106,1657,23.460000,0.042000,2
4107,1809,8.320000,0.200000,2
4108,3143,17.090000,0.007000,2
4108,4394,10.900000,0.123000,2
4110,1646,13.050000,0.024000,2
4111,5264,20.480000,0.135000,2
4112,770,21.290000,0.076000,3
4112,1414,2.240000,0.169000,3
4112,2872,0.930000,0.184000,2
4113,4002,12.670000,0.236000,2
4115,4192,2.400000,0.140000,2
4117,4434,2.920000,0.117000,2
4119,365,2.750000,0.150000,2
4119,4797,2.970000,0.198000,3
4122,3899,11.470000,0.203000,1
4127,4547,15.350000,0.027000,2
4131,2335,21.010000,0.100000,3
4133,2151,23.720000,0.166000,2
4133,4261,8.530000,0.219000,2
4134,3315,20.940000,0.227000,2
4138,700,11.120000,0.212000,2
4139,2653,9.850000,0.023000,2
4140,1371,24.300000,0.191000,2
4140,2505,9.270000,0.236000,2
4140,4705,3.050000,0.140000,2
4142,4866,6.380000,0.173000,1
4143,3604,13.830000,0.160000,3
4144,4979,2.040000,0.208000,2
4151,2243,23.890000,0.018000,2
4152,2870,8.380000,0.111000,2
4153,393,10.530000,0.065000,2
4153,3525,4.820000,0.020000,2
4153,4244,23.530000,0.187000,3
4154,2266,8.960000,0.177000,1
4155,2170,22.130000,0.027000,2
4155,3140,8.570000,0.169000,3
4157,1616,21.470000,0.116000,2
4158,1442,0.500000,0.032000,1
4159,3055,16.270000,0.119000,2
4160,3812,16.440000,0.026000,2
4163,3989,9.760000,0.115000,2
4165,2943,22.020000,0.162000,1
4166,3360,9.110000,0.163000,3
4166,4568,18.540000,0.069000,3
4167,2070,6.000000,0.168000,2
4168,4420,9.920000,0.061000,1
4172,4237,1.860000,0.172000,3
4175,4720,11.060000,0.210000,2
4177,2759,6.270000,0.131000,1
4178,1938,13.750000,0.145000,2
4178,3307,7.820000,0.152000,2
4178,3783,4.440000,0.069000,2
4179,3343,24.520000,0.058000,1
4181,454,5.550000,0.127000,1
4181,4744,23.980000,0.097000,1
4184,3312,12.070000,0.201000,2
4186,307,2.270000,0.008000,2
4186,5221,24.700000,0.085000,2
4188,4801,20.670000,0.193000,2
4188,4942,6.200000,0.235000,2
4192,4066,21.590000,0.016000,2
4195,3773,5.730000,0.105000,3
4197,1676,20.430000,0.087000,2
4197,4095,22.110000,0.247000,2
4198,4169,12.790000,0.232000,3
4199,1436,9.220000,0.013000,1
4202,2462,12.100000,0.014000,2
4204,110,21.350000,0.230000,3
4206,1347,8.470000,0.118000,2
4206,4661,1.190000,0.228000,1
4208,2028,5.200000,0.249000,2
4211,4437,19.960000,0.090000,2
4213,850,6.660000,0.147000,1
4213,2826,1.140000,0.074000,3
4213,2879,15.630000,0.104000,2
4220,1118,2.600000,0.031000,1
4221,4279,6.430000,0.130000,3
4222,3802,8.450000,0.146000,3
4224,3406,19.990000,0.230000,2
4224,3435,13.580000,0.183000,2
4227,2889,19.920000,0.154000,2
4230,3197,6.560000,0.206000,3
4232,80,21.500000,0.016000,1
4234,4762,7.760000,0.073000,2
4237,4655,24.240000,0.094000,2
4239,434,24.980000,0.107000,2
4239,1483,0.320000,0.125000,2
4241,617,23.490000,0.113000,2
4242,1822,10.130000,0.133000,3
4242,4544,13.410000,0.142000,3
4248,2014,13.270000,0.066000,2
4248,4973,5.400000,0.120000,3
4253,4306,24.760000,0.246000,2
4256,2388,1.500000,0.152000,3
4259,4928,14.350000,0.014000,2
4264,4466,17.110000,0.019000,3
4265,347,12.120000,0.140000,1
4266,4469,12.650000,0.100000,2
4267,1848,19.210000,0.045000,1
4269,1937,6.130000,0.157000,3
4270,3035,2.900000,0.082000,2
4270,4515,9.130000,0.238000,2
4274,1005,18.230000,0.217000,2
4275,1144,19.460000,0.240000,3
4277,1082,10.990000,0.014000,3
4277,3491,2.520000,0.189000,2
4279,607,11.650000,0.081000,2
4283,570,23.360000,0.026000,2
4283,2079,6.540000,0.173000,1
4284,1360,22.340000,0.126000,2
4290,1828,1.280000,0.108000,2
4291,4400,4.770000,0.080000,3
4295,4806,24.590000,0.166000,2
4299,1200,22.240000,0.095000,2
4301,1041,10.560000,0.123000,1
4301,2124,9.770000,0.228000,2
4302,2125,7.730000,0.152000,2
4307,2442,15.060000,0.211000,2
4308,730,9.660000,0.183000,2
4308,3406,5.520000,0.062000,2
4310,2984,2.890000,0.083000,2
4311,4918,15.110000,0.075000,3
4316,1886,23.840000,0.038000,1
4317,3682,4.470000,0.006000,2
4321,97,18.710000,0.139000,2
4323,3832,10.730000,0.039000,2
4323,5271,12.520000,0.043000,2
4325,781,22.130000,0.146000,2
4326,465,10.580000,0.014000,2
4326,2333,16.410000,0.100000,2
4327,3515,24.440000,0.208000,1
4332,3648,6.370000,0.060000,2
4332,4903,23.490000,0.158000,1
4334,28,2.870000,0.074000,2
4335,862,16.410000,0.046000,2
4338,5012,9.300000,0.089000,2
4342,2221,11.250000,0.175000,1
4348,1046,1.980000,0.183000,2
4351,712,5.350000,0.197000,2
4356,711,16.480000,0.066000,2
4357,2502,22.200000,0.104000,1
4357,3931,20.600000,0.138000,2
4358,5344,10.500000,0.011000,2
4360,5256,14.110000,0.091000,2
4362,2498,6.120000,0.170000,2
4364,2398,17.200000,0.171000,1
4367,3755,10.890000,0.006000,2
4370,1031,18.200000,0.157000,1
4370,5232,12.600000,0.020000,1
4372,492,5.590000,0.179000,3
4373,5291,14.150000,0.237000,2
4376,4218,9.860000,0.175000,3
4379,3757,3.840000,0.247000,2
4381,3119,21.450000,0.246000,3
4381,4876,0.980000,0.099000,2
4382,730,13.390000,0.148000,1
4383,5250,15.370000,0.201000,2
4387,1267,17.400000,0.227000,2
4388,5361,9.950000,0.219000,2
4389,542,9.650000,0.129000,3
4389,4346,10.230000,0.046000,2
4391,602,5.360000,0.185000,2
4391,3034,1.500000,0.246000,3
4396,667,23.630000,0.111000,2
4398,5360,22.850000,0.107000,2
4402,1472,19.520000,0.208000,1
4407,2628,15.980000,0.100000,1
4408,5467,10.210000,0.027000,1
4409,3865,2.050000,0.230000,1
4412,1245,22.320000,0.058000,1
4413,4200,6.290000,0.063000,2
4414,2971,3.290000,0.123000,2
4416,2953,9.160000,0.171000,3
4416,4369,0.580000,0.136000,2
4417,2404,11.460000,0.013000,1
4419,4365,9.380000,0.088000,2
4420,898,21.730000,0.008000,2
4423,3663,11.590000,0.205000,2
4424,3653,21.670000,0.137000,3
4428,4030,0.920000,0.143000,2
4430,2257,18.070000,0.045000,1
4430,3869,13.160000,0.154000,1
4431,2960,20.660000,0.184000,1
4432,155,1.860000,0.164000,2
4433,2341,16.070000,0.130000,1
4433,3996,20.300000,0.017000,2
4434,2267,2.500000,0.094000,1
4435,690,16.000000,0.041000,3
4436,3029,10.820000,0.124000,2
4436,3469,14.870000,0.064000,2
4438,3221,2.810000,0.057000,1
4441,1354,11.970000,0.245000,1
4441,4066,23.820000,0.083000,2
4445,3765,21.830000,0.194000,2
4447,3564,2.310000,0.084000,2
4450,3441,19.590000,0.215000,2
4450,3514,11.050000,0.157000,2
4451,1952,15.800000,0.065000,3
4453,867,3.280000,0.075000,2
4454,2387,24.180000,0.070000,2
4455,1504,4.290000,0.236000,1
4456,1761,21.570000,0.177000,1
4459,2751,12.740000,0.062000,2
4464,1420,23.040000,0.239000,1
4467,104,21.260000,0.008000,2
4471,3600,3.280000,0.017000,2
4473,3994,11.590000,0.160000,1
4475,118,19.770000,0.094000,2
4477,2890,16.480000,0.064000,2
4482,23,24.330000,0.235000,2
4482,4330,7.460000,0.033000,2
4482,5164,18.960000,0.009000,2
4483,3592,19.670000,0.077000,2
4483,5061,9.160000,0.180000,3
4486,2065,4.950000,0.225000,2
4486,3809,21.570000,0.249000,2
4487,4712,22.660000,0.152000,2
4490,3187,19.300000,0.127000,2
4493,2697,16.130000,0.123000,1
4497,2857,22.250000,0.059000,2
4498,5388,11.030000,0.206000,3
4499,823,15.430000,0.197000,3
4499,2908,18.760000,0.241000,2
4499,3212,21.630000,0.060000,2
4500,2671,10.840000,0.101000,2
4504,5398,0.590000,0.169000,2
4505,4572,0.780000,0.033000,2
4507,2147,1.630000,0.106000,2
4510,3992,20.830000,0.238000,2
4511,5177,19.900000,0.089000,1
4514,1745,23.760000,0.154000,2
4516,4628,21.600000,0.213000,2
4516,5198,8.580000,0.062000,2
4517,452,14.150000,0.060000,1
4518,2716,0.780000,0.107000,2
4519,713,7.580000,0.194000,3
4519,3452,0.420000,0.185000,2
4522,842,3.590000,0.025000,2
4522,2090,15.040000,0.127000,2
4522,2257,21.480000,0.059000,2
4524,1925,10.670000,0.242000,2
4525,4335,12.550000,0.129000,2
4526,1385,8.640000,0.109000,2
4526,2348,13.240000,0.140000,3
4526,5061,7.350000,0.209000,3
4529,490,15.930000,0.070000,3
4530,1592,8.460000,0.046000,2
4531,4236,22.140000,0.229000,2
4532,56,17.640000,0.127000,1
4533,942,21.650000,0.025000,3
4535,5269,6.540000,0.235000,2
4536,3856,19.750000,0.013000,3
4537,2404,21.610000,0.014000,2
4539,4606,1.750000,0.158000,1
4541,2449,15.240000,0.182000,3
4546,3853,15.620000,0.095000,1
4547,2573,23.660000,0.057000,2
4548,4651,13.340000,0.152000,2
4550,2748,1.450000,0.181000,3
4551,219,12.780000,0.211000,3
4551,604,17.730000,0.190000,2
4552,4630,5.820000,0.192000,2
4553,1093,0.570000,0.100000,2
4555,4890,16.800000,0.170000,1
4560,2201,7.100000,0.045000,1
4560,3139,22.390000,0.056000,2
4561,5114,5.210000,0.016000,1
4567,556,8.790000,0.006000,1
4567,2983,18.060000,0.250000,3
4569,2119,22.940000,0.144000,2
4570,5015,24.700000,0.199000,3
4571,0,14.230000,0.018000,1
4576,814,9.480000,0.134000,1
4576,5348,21.050000,0.046000,2
4576,5472,8.520000,0.155000,1
4577,2297,23.280000,0.028000,2
4579,2034,24.140000,0.046000,3
4581,4873,24.640000,0.036000,3
4584,4421,13.490000,0.138000,2
4585,4730,16.340000,0.225000,1
4586,4909,9.710000,0.037000,1
4587,2274,5.710000,0.151000,3
4589,662,14.590000,0.197000,1
4589,4442,21.170000,0.113000,1
4591,81,14.930000,0.092000,2
4592,4045,14.890000,0.137000,2
4593,4317,3.860000,0.231000,2
4595,1078,3.560000,0.216000,2
4597,80,13.100000,0.237000,1
4599,546,16.460000,0.006000,2
4603,5182,17.210000,0.031000,2
4604,4843,15.180000,0.063000,1
4609,3345,19.910000,0.243000,3
4611,590,3.090000,0.011000,2
4611,806,21.930000,0.173000,2
4612,1317,22.750000,0.189000,1
4612,2635,10.800000,0.200000,2
4612,4173,24.890000,0.116000,2
4613,3443,12.810000,0.061000,2
4613,3453,21.220000,0.109000,2
4614,735,2.400000,0.208000,2
4614,1808,4.890000,0.037000,1
4617,4135,2.950000,0.026000,3
4618,868,17.900000,0.032000,1
4618,3940,4.890000,0.193000,1
4619,4147,18.380000,0.186000,2
4621,4585,23.560000,0.227000,2
4622,3740,15.160000,0.008000,3
4623,1838,2.550000,0.147000,2
4629,4297,11.240000,0.087000,2
4631,667,12.060000,0.097000,2
4631,5056,0.990000,0.067000,2
4638,2803,6.460000,0.022000,2
4638,5125,18.500000,0.227000,1
4639,15,15.730000,0.052000,2
4640,3530,15.710000,0.083000,2
4642,4144,11.310000,0.194000,2
4642,5031,18.620000,0.131000,2
4650,2716,4.910000,0.169000,2
4651,1410,19.480000,0.031000,1
4653,3705,0.960000,0.073000,3
4656,710,1.010000,0.152000,2
4667,3729,12.930000,0.191000,2
4670,2855,6.130000,0.060000,1
4671,898,10.710000,0.222000,2
4672,5350,9.060000,0.022000,2
4679,5420,5.800000,0.052000,3
4680,378,2.690000,0.244000,1
4681,814,22.120000,0.027000,1
4681,4703,23.560000,0.180000,1
4683,4485,1.040000,0.128000,2
4684,1459,22.140000,0.145000,3
4684,1547,13.570000,0.119000,3
4685,5401,5.720000,0.082000,1
4687,2418,11.110000,0.038000,2
4691,3597,22.680000,0.132000,1
4693,801,15.130000,0.082000,2
4693,5259,15.120000,0.056000,2
4694,133,11.970000,0.039000,2
4695,1901,6.900000,0.183000,2
4700,154,13.920000,0.158000,2
4700,4519,20.740000,0.091000,2
4701,1208,16.500000,0.032000,1
4702,2818,12.610000,0.242000,1
4702,3860,0.280000,0.023000,1
4703,4044,11.390000,0.129000,1
4708,606,10.890000,0.067000,2
4709,4919,1.570000,0.223000,2
4711,845,8.140000,0.170000,1
4712,3907,24.780000,0.057000,1
4713,166,14.210000,0.211000,2
4714,5209,14.490000,0.166000,2
4715,2998,17.000000,0.225000,2
4715,3406,4.360000,0.224000,2
4715,5045,8.210000,0.121000,2
4718,2786,24.310000,0.118000,2
4722,3089,7.030000,0.210000,2
4723,5469,24.600000,0.245000,2
4725,1140,6.880000,0.123000,1
4726,3667,11.670000,0.139000,2
4730,3557,4.240000,0.193000,2
4731,973,21.740000,0.191000,2
4731,983,20.480000,0.128000,2
4731,5101,15.560000,0.016000,1
4733,1516,19.530000,0.226000,2
4737,4199,2.390000,0.028000,3
4738,3301,0.380000,0.195000,2
4739,3537,19.450000,0.069000,2
4740,1929,10.960000,0.130000,3
4741,4011,15.500000,0.118000,2
4741,5314,1.220000,0.196000,1
4746,3511,11.940000,0.216000,2
4746,4038,4.610000,0.020000,2
4749,248,2.520000,0.153000,2
4751,4470,13.550000,0.041000,2
4752,2529,6.420000,0.109000,3
4757,3690,19.340000,0.200000,2
4759,1335,6.810000,0.143000,2
4759,4724,0.760000,0.245000,3
4760,3526,11.230000,0.201000,3
4761,5296,18.750000,0.122000,2
4762,2977,9.760000,0.156000,3
4765,1412,24.170000,0.194000,3
4765,4023,0.940000,0.205000,3
4770,1907,12.040000,0.242000,1
4770,2862,0.890000,0.107000,2
4772,2453,23.540000,0.086000,3
4772,4471,3.350000,0.162000,1
4772,4700,19.670000,0.112000,2
4773,3790,23.990000,0.103000,2
4775,5095,19.580000,0.055000,3
4779,657,17.490000,0.123000,2
4780,4617,18.360000,0.143000,2
4781,1841,3.690000,0.073000,2
4781,4204,17.480000,0.191000,3
4784,621,19.660000,0.068000,2
4784,3333,18.710000,0.138000,2
4788,2431,17.600000,0.102000,2
4789,4908,7.080000,0.131000,2
4790,2050,4.610000,0.241000,2
4791,1838,18.000000,0.135000,2
4791,4712,9.440000,0.075000,2
4793,5262,14.620000,0.228000,2
4798,4508,18.570000,0.063000,2
4802,4723,16.620000,0.139000,2
4803,2210,22.490000,0.223000,3
4805,4117,18.570000,0.124000,2
4808,421,17.930000,0.076000,1
4810,2928,9.720000,0.150000,1
4811,3736,0.250000,0.026000,2
4812,3024,7.490000,0.038000,2
4819,1518,20.890000,0.183000,2
4821,1430,2.880000,0.234000,2
4821,2265,9.650000,0.113000,2
4823,2343,23.400000,0.136000,2
4823,3191,14.650000,0.081000,3
4825,2586,15.740000,0.134000,3
4825,3788,2.190000,0.206000,3
4825,4956,5.830000,0.098000,2
4829,1802,23.060000,0.013000,1
4831,4680,23.190000,0.113000,2
4834,396,9.360000,0.037000,2
4837,2315,3.630000,0.165000,2
4837,4604,3.160000,0.036000,3
4837,4891,22.120000,0.134000,2
4839,55,3.530000,0.044000,2
4840,3315,15.420000,0.085000,2
4842,1541,18.010000,0.122000,2
4842,4597,5.540000,0.025000,2
4842,4753,17.040000,0.069000,1
4844,2750,1.550000,0.111000,2
4844,4784,8.380000,0.172000,2
4846,2263,7.060000,0.200000,2
4847,3636,2.650000,0.069000,1
4847,5350,10.850000,0.110000,2
4848,1516,22.360000,0.034000,2
4848,1978,11.430000,0.090000,1
4850,3948,24.460000,0.179000,2
4855,3800,10.050000,0.066000,2
4862,2804,16.190000,0.080000,2
4863,3666,21.280000,0.209000,2
4865,875,24.840000,0.029000,2
4866,4855,10.220000,0.216000,2
4868,5397,13.650000,0.153000,2
4869,532,4.700000,0.016000,2
4870,2796,5.610000,0.073000,1
4873,3890,21.760000,0.152000,3
4876,3,22.190000,0.043000,3
4876,1112,20.440000,0.016000,2
4876,2574,23.150000,0.230000,2
4877,2998,13.030000,0.198000,3
4877,4526,0.540000,0.195000,2
4877,5378,7.280000,0.216000,2
4878,618,23.290000,0.140000,2
4881,764,1.880000,0.030000,2
4882,127,6.760000,0.116000,2
4883,2259,2.420000,0.161000,2
4885,5034,19.740000,0.126000,1
4886,1997,22.580000,0.162000,1
4888,5254,21.870000,0.240000,1
4890,944,11.870000,0.138000,2
4891,2154,11.510000,0.100000,2
4893,3769,17.910000,0.132000,1
4894,3474,1.050000,0.227000,3
4899,73,2.590000,0.011000,2
4903,1989,12.630000,0.062000,3
4904,1222,18.400000,0.206000,3
4907,3134,10.570000,0.108000,2
4909,308,23.860000,0.030000,2
4912,842,17.290000,0.083000,3
4913,2226,20.120000,0.008000,1
4915,345,7.670000,0.031000,1
4915,1319,15.990000,0.144000,2
4915,4493,16.730000,0.092000,3
4916,3162,11.740000,0.217000,3
4923,3101,24.570000,0.078000,1
4924,1163,0.620000,0.051000,2
4924,1820,4.320000,0.059000,1
4925,3950,7.380000,0.019000,1
4926,5038,12.440000,0.138000,2
4931,4523,13.050000,0.226000,2
4932,226,22.900000,0.010000,2
4932,777,22.330000,0.211000,2
4933,3050,18.430000,0.052000,2
4933,5041,13.130000,0.111000,2
4938,1481,15.810000,0.148000,2
4938,4276,15.630000,0.157000,2
4939,268,24.520000,0.208000,2
4941,2374,23.190000,0.060000,3
4941,3267,19.640000,0.139000,2
4941,4440,7.070000,0.058000,2
4944,2681,21.440000,0.099000,3
4948,2731,11.180000,0.139000,1
4950,2704,3.510000,0.118000,2
4954,1903,16.040000,0.086000,2
4956,2488,21.670000,0.069000,2
4957,966,1.520000,0.055000,2
4960,4316,1.090000,0.121000,1
4962,365,15.110000,0.176000,2
4963,1439,3.380000,0.083000,3
4964,422,2.110000,0.078000,2
4964,5029,19.890000,0.048000,1
4965,1244,3.980000,0.196000,2
4966,3189,9.450000,0.173000,1
4966,3948,18.490000,0.045000,1
4968,1721,0.340000,0.194000,2
4969,132,3.850000,0.138000,1
4970,4397,0.410000,0.124000,1
4970,5173,6.020000,0.181000,2
4972,4377,23.490000,0.225000,2
4973,1881,4.900000,0.158000,2
4973,4852,13.110000,0.095000,2
4975,1140,4.780000,0.107000,2
4976,1769,16.350000,0.154000,1
4977,11,15.940000,0.100000,2
4977,3001,20.770000,0.204000,2
4978,3054,13.730000,0.082000,2
4982,62,5.760000,0.177000,2
4982,398,21.900000,0.071000,2
4984,5212,12.080000,0.060000,2
4985,3585,17.460000,0.172000,2
4987,3901,23.670000,0.063000,2
4988,3720,7.320000,0.143000,2
4990,4983,6.920000,0.228000,2
4993,5221,4.710000,0.179000,2
5002,1805,22.530000,0.117000,3
5002,3392,11.730000,0.230000,2
5003,276,24.570000,0.217000,2
5004,1850,21.780000,0.121000,3
5008,4726,4.510000,0.193000,2
5009,1997,17.470000,0.120000,2
5010,2406,22.130000,0.196000,2
5010,4456,5.490000,0.222000,2
5012,2156,4.480000,0.208000,2
5014,404,1.920000,0.115000,1
5016,193,12.050000,0.138000,2
5017,3183,19.330000,0.088000,2
5019,2244,15.940000,0.080000,3
5023,2464,23.530000,0.113000,3
5026,2116,22.450000,0.145000,2
5028,1689,23.180000,0.203000,1
5031,1989,18.690000,0.142000,2
5035,571,8.800000,0.082000,2
5035,3959,21.760000,0.025000,2
5037,262,18.630000,0.223000,1
5038,4459,8.480000,0.119000,3
5039,796,16.570000,0.067000,1
5039,3647,6.030000,0.025000,3
5045,970,20.860000,0.080000,3
5045,3209,18.520000,0.098000,1
5048,277,9.730000,0.142000,2
5048,3994,15.260000,0.108000,1
5049,1901,5.720000,0.195000,2
5054,3212,3.660000,0.225000,3
5058,4060,20.440000,0.074000,3
5059,1265,15.840000,0.047000,2
5062,5342,22.370000,0.071000,3
5067,3582,16.360000,0.121000,2
5073,1440,5.980000,0.053000,2
5075,3984,13.720000,0.104000,3
5077,1830,1.740000,0.189000,2
5077,5329,12.280000,0.024000,2
5080,4914,22.660000,0.187000,1
5081,1099,24.930000,0.132000,2
5085,594,9.610000,0.120000,2
5087,185,3.520000,0.243000,2
5092,2530,15.560000,0.244000,2
5095,4658,18.130000,0.232000,3
5100,5231,10.430000,0.153000,1
5102,2999,14.340000,0.091000,2
5105,1901,9.100000,0.189000,3
5106,3674,20.050000,0.129000,1
5107,2222,2.640000,0.039000,2
5108,453,24.460000,0.096000,2
5113,744,17.900000,0.243000,2
5113,938,1.680000,0.229000,2
5116,5053,19.030000,0.198000,2
5117,3458,0.260000,0.063000,2
5118,537,6.180000,0.037000,1
5119,235,5.130000,0.175000,1
5122,1424,21.340000,0.196000,1
5123,386,23.870000,0.178000,3
5123,1777,22.730000,0.025000,2
5123,4513,5.400000,0.007000,2
5124,1719,14.580000,0.020000,2
5126,3194,14.270000,0.046000,1
5133,3789,21.030000,0.185000,2
5135,3486,24.230000,0.070000,2
5140,5425,13.570000,0.164000,2
5141,5236,1.000000,0.155000,2
5147,531,1.200000,0.147000,2
5148,3067,12.770000,0.182000,2
5149,3283,17.770000,0.044000,2
5152,3706,24.970000,0.005000,3
5152,4614,3.260000,0.179000,2
5153,3722,11.270000,0.054000,3
5153,4166,17.180000,0.034000,2
5153,4361,22.350000,0.231000,2
5154,4089,3.640000,0.066000,1
5155,3389,11.330000,0.195000,3
5156,1251,19.500000,0.131000,2
5156,3561,0.840000,0.183000,2
5159,338,20.360000,0.218000,2
5165,3319,24.130000,0.224000,2
5167,3536,6.210000,0.161000,2
5169,3626,12.260000,0.236000,2
5178,4535,8.970000,0.176000,1
5181,111,7.970000,0.158000,2
5183,2828,24.070000,0.051000,3
5186,794,0.930000,0.125000,2
5186,2883,3.320000,0.245000,1
5188,3102,9.740000,0.127000,1
5189,5253,11.020000,0.078000,2
5191,5347,14.690000,0.227000,3
5193,550,2.890000,0.146000,3
5193,2684,7.870000,0.160000,1
5194,1436,20.800000,0.028000,2
5195,1613,15.110000,0.214000,3
5197,2337,23.180000,0.010000,2
5198,2167,15.410000,0.137000,2
5200,2975,23.210000,0.200000,2
5201,4109,6.210000,0.181000,2
5203,3992,21.190000,0.094000,1
5205,2143,15.630000,0.199000,2
5206,3593,11.460000,0.068000,2
5207,920,2.500000,0.171000,2
5208,382,4.900000,0.230000,2
5209,2782,19.140000,0.081000,1
5210,5361,8.960000,0.147000,2
5211,2,5.420000,0.119000,1
5212,197,0.940000,0.060000,1
5213,480,13.630000,0.230000,1
5218,55,3.750000,0.191000,2
5218,3629,14.350000,0.079000,3
5223,1541,14.500000,0.149000,2
5225,1694,22.650000,0.218000,2
5226,2618,21.430000,0.103000,2
5227,751,17.240000,0.149000,2
5234,4245,22.980000,0.144000,1
5235,157,19.850000,0.165000,1
5238,30,9.450000,0.136000,2
5238,377,10.300000,0.171000,2
5238,1316,2.130000,0.076000,3
5239,1438,6.370000,0.212000,3
5239,1890,22.770000,0.139000,2
5239,3814,3.300000,0.208000,3
5241,661,11.820000,0.238000,2
5241,1623,14.430000,0.144000,1
5241,4582,10.170000,0.075000,2
5244,1806,10.460000,0.188000,3
5247,2312,7.550000,0.074000,2
5248,2027,6.820000,0.056000,3
5252,3444,22.220000,0.053000,2
5254,3538,22.720000,0.162000,2
5256,1488,16.740000,0.039000,2
5256,4473,20.000000,0.039000,1
5259,5244,5.890000,0.203000,2
5259,5439,2.190000,0.124000,1
5260,2361,1.230000,0.217000,3
5262,5000,10.550000,0.183000,2
5263,4002,24.040000,0.148000,2
5265,1239,13.290000,0.170000,2
5266,1615,21.090000,0.230000,2
5267,1902,9.410000,0.071000,1
5268,2401,24.810000,0.235000,1
5277,1308,18.460000,0.017000,3
5278,42,10.880000,0.220000,2
5280,4708,16.090000,0.081000,2
5281,2582,2.690000,0.042000,2
5283,2400,20.900000,0.202000,1
5283,5042,24.830000,0.134000,1
5284,4670,19.110000,0.103000,2
5285,2503,8.270000,0.126000,2
5285,4086,14.830000,0.204000,3
5285,4118,2.450000,0.193000,3
5289,2605,13.860000,0.200000,1
5289,4098,12.940000,0.037000,2
5292,4622,21.530000,0.043000,2
5295,4122,3.590000,0.017000,2
5297,5050,11.550000,0.043000,2
5302,966,10.410000,0.191000,1
5302,2545,6.510000,0.037000,2
5302,4335,5.350000,0.161000,3
5302,4414,0.980000,0.121000,2
5304,2801,14.310000,0.225000,2
5305,4986,10.410000,0.088000,2
5305,5212,15.700000,0.095000,2
5309,1171,2.690000,0.187000,2
5313,2615,22.520000,0.165000,3
5316,2438,17.920000,0.214000,2
5319,1270,14.550000,0.071000,2
5319,1290,8.140000,0.105000,2
5319,4092,21.440000,0.169000,2
5321,2475,24.910000,0.228000,1
5325,3215,10.700000,0.133000,2
5329,4184,13.100000,0.019000,3
5331,2712,5.510000,0.148000,3
5331,5308,22.360000,0.191000,1
5332,1458,2.320000,0.229000,2
5332,1853,15.720000,0.034000,2
5333,3264,22.310000,0.150000,1
5335,3583,17.320000,0.068000,2
5336,2261,12.880000,0.224000,3
5336,3879,15.070000,0.120000,1
5336,4046,5.230000,0.083000,1
5340,1053,13.770000,0.208000,2
5340,4781,1.480000,0.021000,3
5344,4986,24.010000,0.032000,1
5346,5002,5.410000,0.233000,3
5348,1575,15.590000,0.029000,1
5349,2338,22.450000,0.037000,2
5350,1133,20.010000,0.209000,2
5350,4225,8.090000,0.066000,2
5350,5154,0.840000,0.223000,2
5352,1951,23.230000,0.058000,2
5353,4081,8.590000,0.121000,3
5357,4623,13.720000,0.009000,1
5358,597,22.590000,0.242000,1
5358,1420,4.260000,0.007000,2
5360,782,18.420000,0.041000,3
5360,1903,11.000000,0.174000,2
5361,2950,5.280000,0.026000,3
5366,2129,19.290000,0.160000,1
5376,1449,6.730000,0.193000,3
5377,3472,14.340000,0.007000,2
5383,2191,6.510000,0.150000,2
5386,2121,24.280000,0.009000,2
5387,131,4.070000,0.147000,1
5388,100,12.880000,0.095000,2
5388,3948,19.560000,0.101000,3
5392,2576,23.580000,0.239000,3
5392,4455,8.370000,0.179000,1
5397,4044,15.670000,0.013000,1
5397,5162,3.570000,0.155000,1
5399,2140,14.300000,0.182000,2
5401,1263,21.980000,0.121000,2
5404,3237,10.610000,0.006000,2
5405,3055,22.400000,0.072000,2
5406,2673,9.830000,0.056000,3
5409,81,14.410000,0.238000,2
5409,3763,9.430000,0.093000,2
5411,715,1.230000,0.067000,2
5411,1678,16.600000,0.163000,2
5413,543,20.410000,0.160000,2
5413,757,23.200000,0.145000,2
5415,4053,7.350000,0.124000,2
5421,4783,17.190000,0.053000,2
5422,1,19.530000,0.018000,2
5423,4253,14.170000,0.056000,2
5425,3068,4.940000,0.130000,2
5425,5401,15.830000,0.094000,1
5427,3166,19.270000,0.056000,2
5427,3619,2.130000,0.154000,2
5429,279,17.130000,0.229000,1
5433,1591,3.070000,0.036000,2
5433,2772,7.720000,0.222000,2
5438,1955,24.680000,0.055000,2
5438,2535,18.630000,0.007000,2
5438,4720,7.310000,0.022000,2
5439,4775,15.910000,0.196000,2
5440,5257,3.760000,0.090000,1
5441,4232,24.620000,0.201000,3
5443,3623,21.300000,0.075000,3
5444,5281,22.590000,0.200000,1
5448,4570,3.860000,0.193000,1
5450,4167,3.990000,0.009000,2
5453,748,11.830000,0.250000,1
5453,4746,12.930000,0.194000,3
5454,3045,6.570000,0.109000,2
5454,3557,22.200000,0.133000,2
5456,3998,1.560000,0.102000,3
5463,3071,19.580000,0.180000,1
5469,807,15.340000,0.015000,2
5469,3671,5.310000,0.094000,1
5471,3179,3.390000,0.158000,2
5473,5318,7.370000,0.221000,2
5474,3384,7.320000,0.074000,2
5475,4556,23.870000,0.109000,2
5475,5307,9.040000,0.042000,2
5476,1921,18.090000,0.085000,3
5476,5426,7.060000,0.171000,1
5477,3004,5.440000,0.218000,3
