Customer_ID,Depot_ID,Vehicle_ID,Trip_Index,Center_ID
C002721,D001_5,V0004,1,C002721
C001471,D001_5,V0004,2,C001471
C000798,D001_5,V0004,3,C004193
C004193,D001_5,V0004,3,C004193
C002136,D001_5,V0004,4,C002136
C001508,D001_5,V0004,5,C001508
C002265,D001_5,V0004,6,C002265
C003748,D001_5,V0004,7,C003748
C004391,D001_5,V0004,8,C004391
C000231,D001_5,V0004,9,C000231
C003753,D001_5,V0004,10,C003753
C001861,D001_5,V0004,11,C001861
C000751,D001_5,V0004,11,C001861
C000557,D001_5,V0004,12,C000557
C000055,D001_5,V0004,13,C000055
C003672,D001_5,V0004,14,C003672
C001722,D001_5,V0021,1,C001071
C001071,D001_5,V0021,1,C001071
C003671,D001_5,V0021,2,C003671
C001304,D001_5,V0021,3,C001304
C002576,D001_5,V0021,4,C002576
C001575,D001_5,V0021,4,C002576
C002275,D001_2,V0029,1,C002378
C002378,D001_2,V0029,1,C002378
C000362,D001_2,V0029,2,C000362
C003562,D001_2,V0029,3,C003562
C002000,D001_2,V0029,4,C002000
C003522,D001_2,V0029,5,C003522
C002417,D001_2,V0029,6,C002417
C001513,D001_2,V0029,7,C001513
C001611,D001_2,V0029,8,C001611
C001397,D001_2,V0029,9,C001397
C001675,D001_4,V0045,1,C001675
C001167,D001_4,V0045,2,C001167
C002696,D001_4,V0045,3,C002696
C001419,D001_4,V0045,4,C001419
C001434,D001_4,V0045,5,C001434
C003172,D001_4,V0045,6,C003172
C000356,D001_4,V0045,7,C000356
C002125,D001_4,V0045,8,C002125
C001960,D001_4,V0045,9,C001960
C004261,D001_3,V0049,1,C004261
C002655,D001_3,V0049,2,C002655
C001298,D001_3,V0049,3,C001298
C000626,D001_3,V0049,3,C001298
C001323,D001_3,V0049,4,C001323
C003169,D001_3,V0049,5,C002473
C002473,D001_3,V0049,5,C002473
C004014,D001_3,V0049,6,C004014
C000035,D001_3,V0049,7,C001452
C001452,D001_3,V0049,7,C001452
C004248,D001_3,V0049,8,C004248
C000956,D001_3,V0049,9,C000956
C001762,D001_3,V0049,10,C001762
C002792,D001_3,V0049,11,C002792
C003889,D001_3,V0049,12,C003825
C003825,D001_3,V0049,12,C003825
C004095,D001_2,V0064,1,C004095
C003817,D001_2,V0064,2,C003817
C002178,D001_2,V0064,3,C002178
C003970,D001_2,V0064,4,C003970
C003145,D001_2,V0064,5,C003145
C003900,D001_2,V0064,6,C003900
C002241,D001_2,V0064,7,C002241
C000474,D001_2,V0064,8,C000474
C003548,D001_2,V0064,9,C003548
C002547,D001_2,V0064,10,C002547
C003228,D001_2,V0064,11,C003228
C000514,D001_2,V0064,12,C000514
C002537,D001_2,V0064,13,C002537
C001769,D001_2,V0064,14,C001769
C001100,D001_2,V0064,15,C001100
C000368,D001_2,V0064,16,C000368
C003966,D001_2,V0064,17,C003966
C002904,D001_2,V0064,18,C002904
C000545,D001_2,V0064,19,C000545
C001360,D001_2,V0064,20,C001360
C001928,D001_2,V0064,21,C001928
C001096,D001_2,V0064,22,C001096
C001779,D001_2,V0064,23,C001779
C000386,D001_2,V0064,24,C000386
C003919,D001_2,V0064,25,C003919
C001136,D001_2,V0064,26,C001136
C002373,D001_2,V0064,27,C002373
C000485,D001_3,V0086,1,C000485
C000442,D001_3,V0086,2,C000442
C004110,D001_3,V0086,3,C004110
C001087,D001_3,V0086,4,C001087
C002070,D001_3,V0086,5,C002070
C001007,D001_3,V0086,6,C001007
C004206,D001_3,V0086,6,C001007
C001299,D001_3,V0086,7,C001299
C002860,D001_2,V0102,1,C002860
C001086,D001_2,V0102,2,C001086
C001494,D001_2,V0102,3,C001494
C002950,D001_2,V0102,4,C002950
C000079,D001_2,V0102,5,C004132
C004132,D001_2,V0102,5,C004132
C000071,D001_2,V0102,6,C000071
C003711,D001_5,V0103,1,C003711
C003946,D001_5,V0103,2,C003946
C001886,D001_5,V0103,3,C001886
C002620,D001_5,V0103,4,C002167
C002167,D001_5,V0103,4,C002167
C000245,D001_5,V0103,5,C000245
C001193,D001_5,V0103,6,C001193
C001819,D001_5,V0103,7,C001819
C000481,D001_5,V0103,8,C000481
C000968,D001_5,V0103,9,C000968
C002560,D001_5,V0103,9,C000968
C004220,D001_5,V0103,10,C002998
C002998,D001_5,V0103,10,C002998
C003259,D001_5,V0103,11,C003259
C003843,D001_5,V0103,12,C000878
C000878,D001_5,V0103,12,C000878
C000267,D001_5,V0103,12,C000878
C001979,D001_5,V0103,13,C001979
C001029,D001_5,V0103,14,C001029
C004273,D001_5,V0103,14,C001029
C002147,D001_5,V0103,15,C002147
C000265,D001_5,V0104,1,C000265
C002413,D001_5,V0104,2,C002413
C000490,D001_5,V0104,3,C000490
C001430,D001_5,V0104,4,C001430
C000017,D001_5,V0104,5,C000017
C000089,D001_5,V0104,6,C000089
C001884,D001_5,V0104,7,C001884
C000354,D001_5,V0104,8,C000354
C002268,D001_2,V0119,1,C002268
C001587,D001_2,V0119,2,C003130
C003130,D001_2,V0119,2,C003130
C001372,D001_2,V0119,3,C001372
C003636,D001_2,V0119,4,C003636
C001946,D001_2,V0119,5,C001946
C000838,D001_2,V0119,6,C000838
C003954,D001_2,V0119,7,C003954
C003314,D001_2,V0119,8,C003314
C003387,D001_2,V0119,8,C003314
C001389,D001_2,V0119,8,C003314
C001200,D001_2,V0119,9,C001200
C002282,D001_2,V0119,10,C002282
C004361,D001_2,V0119,11,C004361
C000422,D001_2,V0119,12,C000422
C002072,D001_2,V0119,13,C002023
C002023,D001_2,V0119,13,C002023
C003210,D001_2,V0119,14,C003210
C001959,D001_5,V0122,1,C001959
C002738,D001_5,V0122,1,C001959
C000335,D001_5,V0122,2,C000335
C000098,D001_5,V0122,3,C000098
C003003,D001_2,V0123,1,C003003
C000940,D001_2,V0123,2,C000940
C003616,D001_2,V0123,3,C003616
C002812,D001_2,V0123,4,C002812
C003566,D001_2,V0123,5,C003566
C002854,D001_2,V0123,6,C002854
C002862,D001_2,V0123,7,C002862
C000031,D001_2,V0123,8,C000028
C000028,D001_2,V0123,8,C000028
C001706,D001_2,V0123,8,C000028
C003729,D001_2,V0123,9,C003729
C001885,D001_1,V0127,1,C001885
C001845,D001_1,V0127,2,C001845
C004152,D001_1,V0127,3,C004152
C001832,D001_1,V0127,4,C001832
C000027,D001_1,V0127,5,C000027
C004071,D001_1,V0127,6,C004071
C003607,D001_1,V0127,7,C003607
C002221,D001_1,V0127,8,C002221
C003337,D001_1,V0127,9,C003337
C001792,D001_1,V0127,10,C003155
C003155,D001_1,V0127,10,C003155
C003062,D001_1,V0127,11,C003062
C000815,D001_1,V0127,11,C003062
C000018,D001_1,V0127,11,C003062
C000552,D001_1,V0127,11,C003062
C000119,D001_1,V0127,12,C001284
C001284,D001_1,V0127,12,C001284
C003495,D001_1,V0127,13,C003495
C001549,D001_1,V0127,14,C001549
C001616,D001_1,V0127,15,C001616
C004040,D001_1,V0127,15,C001616
C001331,D001_1,V0127,15,C001616
C001522,D001_1,V0127,16,C001522
C003203,D001_1,V0127,17,C003203
C003928,D001_1,V0127,18,C003928
C001628,D001_1,V0127,19,C001628
C002338,D001_5,V0129,1,C002338
C002087,D001_5,V0129,2,C002087
C003490,D001_5,V0129,3,C003490
C002415,D001_5,V0129,4,C002415
C000278,D001_5,V0129,4,C002415
C000988,D001_5,V0129,4,C002415
C000536,D001_5,V0129,5,C001755
C001755,D001_5,V0129,5,C001755
C002536,D001_5,V0129,6,C002536
C002515,D001_5,V0129,7,C002515
C003726,D001_5,V0129,8,C003726
C002988,D001_5,V0129,9,C002988
C000871,D001_5,V0129,10,C000871
C001610,D001_5,V0129,10,C000871
C002107,D001_4,V0140,1,C002107
C001058,D001_4,V0140,2,C001058
C003968,D001_4,V0140,3,C003968
C001290,D001_4,V0140,4,C001290
C002225,D001_4,V0140,5,C002225
C000761,D001_4,V0140,6,C000761
C001589,D001_4,V0140,7,C001589
C000088,D001_4,V0140,7,C001589
C000432,D001_4,V0140,8,C000432
C001032,D001_4,V0140,9,C001032
C003212,D001_4,V0140,10,C003212
C001736,D001_4,V0140,11,C001736
C003040,D001_4,V0140,12,C003040
C001184,D001_4,V0140,13,C001184
C003586,D001_1,V0190,1,C003586
C004218,D001_1,V0190,2,C004218
C002554,D001_1,V0190,3,C002554
C000939,D001_1,V0190,4,C000939
C003884,D001_1,V0190,5,C003884
C002063,D001_1,V0190,6,C002063
C000220,D001_1,V0190,7,C000220
C000043,D001_1,V0190,7,C000220
C000925,D001_1,V0190,8,C000925
C003176,D001_1,V0190,8,C000925
C000006,D001_1,V0190,9,C000006
C000651,D001_1,V0190,9,C000006
C000364,D001_1,V0190,10,C000364
C003288,D001_1,V0190,11,C002728
C002728,D001_1,V0190,11,C002728
C002412,D001_1,V0200,1,C002412
C001119,D001_1,V0200,2,C001119
C003537,D001_1,V0200,3,C003537
C003535,D001_1,V0200,4,C001748
C001748,D001_1,V0200,4,C001748
C001714,D001_1,V0200,5,C001714
C004096,D001_1,V0200,6,C004096
C003376,D001_1,V0200,7,C003376
C002847,D001_1,V0200,8,C002847
C000836,D001_1,V0200,9,C004157
C004157,D001_1,V0200,9,C004157
C004025,D001_1,V0200,10,C004025
C000100,D001_1,V0200,10,C004025
C000395,D001_1,V0200,11,C000395
C001978,D001_4,V0202,1,C001978
C001564,D001_4,V0202,2,C001564
C002722,D001_4,V0202,3,C002722
C001869,D001_4,V0202,3,C002722
C001274,D001_4,V0202,4,C001274
C000616,D001_4,V0202,5,C000616
C002548,D001_4,V0202,6,C002548
C004317,D001_4,V0202,7,C004317
C003120,D001_4,V0202,8,C003120
C002258,D001_4,V0202,9,C002258
C000944,D001_4,V0202,10,C000944
C001823,D001_4,V0202,11,C001823
C004392,D001_5,V0222,1,C004392
C003576,D001_5,V0222,2,C003576
C001232,D001_5,V0222,3,C001232
C001664,D001_1,V0231,1,C002731
C002731,D001_1,V0231,1,C002731
C000153,D001_1,V0231,2,C000153
C003552,D001_1,V0231,3,C003552
C000436,D001_1,V0231,4,C000436
C001490,D001_1,V0231,5,C001490
C002403,D001_1,V0231,5,C001490
C001001,D001_1,V0231,5,C001490
C001147,D001_1,V0231,6,C001147
C001974,D001_1,V0231,7,C001974
C001703,D001_2,V0256,1,C001703
C001019,D001_2,V0256,2,C001019
C003799,D001_2,V0256,3,C003799
C003618,D001_2,V0256,4,C003618
C002836,D001_2,V0256,5,C002836
C000813,D001_2,V0256,6,C000813
C003184,D001_2,V0256,6,C000813
C002154,D001_4,V0267,1,C002154
C003046,D001_4,V0267,2,C003046
C001187,D001_4,V0267,3,C001187
C001774,D001_4,V0267,3,C001187
C002540,D001_4,V0267,4,C002540
C001314,D001_4,V0267,5,C001314
C003808,D001_4,V0267,6,C003808
C002427,D001_4,V0267,7,C002427
C002325,D001_4,V0267,8,C003503
C004019,D001_4,V0267,8,C003503
C003503,D001_4,V0267,8,C003503
C000113,D001_4,V0267,8,C003503
C000950,D001_4,V0267,8,C003503
C000874,D001_4,V0267,9,C000874
C001972,D001_4,V0267,9,C000874
C002261,D001_4,V0267,10,C002261
C001131,D001_4,V0267,11,C001131
C003454,D001_4,V0267,11,C001131
C002143,D001_4,V0267,12,C002143
C003774,D001_4,V0267,12,C002143
C004310,D001_4,V0267,13,C004310
C001602,D001_4,V0267,14,C001602
C003769,D001_4,V0267,15,C003769
C002424,D001_4,V0267,16,C002424
C001435,D001_4,V0267,17,C001435
C000615,D001_4,V0267,18,C000615
C004117,D001_1,V0288,1,C004117
C002778,D001_1,V0288,2,C002778
C002991,D001_1,V0288,3,C002991
C000888,D001_1,V0288,4,C000888
C000002,,,,-
C000003,,,,-
C000010,,,,-
C000011,,,,-
C000013,,,,-
C000014,,,,-
C000015,,,,-
C000026,,,,-
C000029,,,,-
C000032,,,,-
C000033,,,,-
C000036,,,,-
C000037,,,,-
C000042,,,,-
C000044,,,,-
C000046,,,,-
C000051,,,,-
C000056,,,,-
C000057,,,,-
C000066,,,,-
C000068,,,,-
C000069,,,,-
C000075,,,,-
C000078,,,,-
C000081,,,,-
C000084,,,,-
C000087,,,,-
C000090,,,,-
C000093,,,,-
C000097,,,,-
C000099,,,,-
C000103,,,,-
C000104,,,,-
C000105,,,,-
C000110,,,,-
C000111,,,,-
C000112,,,,-
C000115,,,,-
C000122,,,,-
C000123,,,,-
C000127,,,,-
C000130,,,,-
C000132,,,,-
C000136,,,,-
C000137,,,,-
C000138,,,,-
C000141,,,,-
C000142,,,,-
C000148,,,,-
C000151,,,,-
C000154,,,,-
C000156,,,,-
C000160,,,,-
C000161,,,,-
C000164,,,,-
C000167,,,,-
C000172,,,,-
C000176,,,,-
C000177,,,,-
C000178,,,,-
C000179,,,,-
C000180,,,,-
C000182,,,,-
C000183,,,,-
C000187,,,,-
C000191,,,,-
C000193,,,,-
C000195,,,,-
C000197,,,,-
C000200,,,,-
C000202,,,,-
C000207,,,,-
C000210,,,,-
C000213,,,,-
C000215,,,,-
C000217,,,,-
C000218,,,,-
C000221,,,,-
C000223,,,,-
C000226,,,,-
C000229,,,,-
C000230,,,,-
C000232,,,,-
C000233,,,,-
C000236,,,,-
C000237,,,,-
C000241,,,,-
C000244,,,,-
C000248,,,,-
C000251,,,,-
C000252,,,,-
C000254,,,,-
C000255,,,,-
C000259,,,,-
C000260,,,,-
C000262,,,,-
C000264,,,,-
C000266,,,,-
C000268,,,,-
C000269,,,,-
C000271,,,,-
C000272,,,,-
C000273,,,,-
C000274,,,,-
C000276,,,,-
C000280,,,,-
C000282,,,,-
C000283,,,,-
C000285,,,,-
C000291,,,,-
C000293,,,,-
C000295,,,,-
C000299,,,,-
C000301,,,,-
C000303,,,,-
C000304,,,,-
C000305,,,,-
C000307,,,,-
C000310,,,,-
C000313,,,,-
C000314,,,,-
C000321,,,,-
C000324,,,,-
C000325,,,,-
C000326,,,,-
C000327,,,,-
C000329,,,,-
C000336,,,,-
C000337,,,,-
C000339,,,,-
C000340,,,,-
C000343,,,,-
C000345,,,,-
C000346,,,,-
C000347,,,,-
C000348,,,,-
C000353,,,,-
C000355,,,,-
C000357,,,,-
C000358,,,,-
C000360,,,,-
C000365,,,,-
C000373,,,,-
C000376,,,,-
C000380,,,,-
C000381,,,,-
C000390,,,,-
C000391,,,,-
C000392,,,,-
C000396,,,,-
C000397,,,,-
C000398,,,,-
C000399,,,,-
C000402,,,,-
C000404,,,,-
C000406,,,,-
C000409,,,,-
C000410,,,,-
C000411,,,,-
C000412,,,,-
C000415,,,,-
C000417,,,,-
C000418,,,,-
C000419,,,,-
C000425,,,,-
C000428,,,,-
C000430,,,,-
C000431,,,,-
C000433,,,,-
C000434,,,,-
C000435,,,,-
C000438,,,,-
C000440,,,,-
C000441,,,,-
C000444,,,,-
C000445,,,,-
C000448,,,,-
C000450,,,,-
C000451,,,,-
C000453,,,,-
C000456,,,,-
C000457,,,,-
C000458,,,,-
C000462,,,,-
C000466,,,,-
C000468,,,,-
C000469,,,,-
C000471,,,,-
C000473,,,,-
C000476,,,,-
C000478,,,,-
C000480,,,,-
C000486,,,,-
C000488,,,,-
C000494,,,,-
C000495,,,,-
C000499,,,,-
C000501,,,,-
C000502,,,,-
C000504,,,,-
C000507,,,,-
C000508,,,,-
C000515,,,,-
C000517,,,,-
C000519,,,,-
C000522,,,,-
C000524,,,,-
C000525,,,,-
C000526,,,,-
C000527,,,,-
C000528,,,,-
C000531,,,,-
C000534,,,,-
C000537,,,,-
C000541,,,,-
C000548,,,,-
C000555,,,,-
C000559,,,,-
C000560,,,,-
C000562,,,,-
C000567,,,,-
C000568,,,,-
C000571,,,,-
C000572,,,,-
C000573,,,,-
C000575,,,,-
C000587,,,,-
C000590,,,,-
C000592,,,,-
C000593,,,,-
C000594,,,,-
C000596,,,,-
C000599,,,,-
C000600,,,,-
C000608,,,,-
C000609,,,,-
C000610,,,,-
C000612,,,,-
C000617,,,,-
C000620,,,,-
C000629,,,,-
C000630,,,,-
C000632,,,,-
C000633,,,,-
C000637,,,,-
C000640,,,,-
C000641,,,,-
C000645,,,,-
C000646,,,,-
C000650,,,,-
C000652,,,,-
C000653,,,,-
C000656,,,,-
C000657,,,,-
C000661,,,,-
C000663,,,,-
C000671,,,,-
C000672,,,,-
C000675,,,,-
C000676,,,,-
C000678,,,,-
C000680,,,,-
C000682,,,,-
C000685,,,,-
C000688,,,,-
C000689,,,,-
C000690,,,,-
C000691,,,,-
C000693,,,,-
C000698,,,,-
C000702,,,,-
C000704,,,,-
C000706,,,,-
C000710,,,,-
C000714,,,,-
C000717,,,,-
C000719,,,,-
C000720,,,,-
C000724,,,,-
C000727,,,,-
C000729,,,,-
C000730,,,,-
C000733,,,,-
C000734,,,,-
C000738,,,,-
C000739,,,,-
C000752,,,,-
C000753,,,,-
C000755,,,,-
C000757,,,,-
C000767,,,,-
C000769,,,,-
C000772,,,,-
C000773,,,,-
C000776,,,,-
C000777,,,,-
C000778,,,,-
C000783,,,,-
C000784,,,,-
C000785,,,,-
C000789,,,,-
C000790,,,,-
C000791,,,,-
C000792,,,,-
C000795,,,,-
C000796,,,,-
C000799,,,,-
C000800,,,,-
C000801,,,,-
C000803,,,,-
C000807,,,,-
C000809,,,,-
C000812,,,,-
C000817,,,,-
C000818,,,,-
C000820,,,,-
C000821,,,,-
C000822,,,,-
C000825,,,,-
C000827,,,,-
C000829,,,,-
C000831,,,,-
C000834,,,,-
C000837,,,,-
C000847,,,,-
C000848,,,,-
C000849,,,,-
C000851,,,,-
C000854,,,,-
C000858,,,,-
C000865,,,,-
C000868,,,,-
C000875,,,,-
C000876,,,,-
C000879,,,,-
C000883,,,,-
C000889,,,,-
C000893,,,,-
C000894,,,,-
C000895,,,,-
C000896,,,,-
C000897,,,,-
C000899,,,,-
C000900,,,,-
C000902,,,,-
C000903,,,,-
C000904,,,,-
C000906,,,,-
C000911,,,,-
C000922,,,,-
C000924,,,,-
C000926,,,,-
C000927,,,,-
C000928,,,,-
C000930,,,,-
C000931,,,,-
C000932,,,,-
C000933,,,,-
C000934,,,,-
C000935,,,,-
C000936,,,,-
C000945,,,,-
C000947,,,,-
C000951,,,,-
C000952,,,,-
C000957,,,,-
C000958,,,,-
C000959,,,,-
C000961,,,,-
C000963,,,,-
C000964,,,,-
C000966,,,,-
C000970,,,,-
C000973,,,,-
C000976,,,,-
C000978,,,,-
C000979,,,,-
C000981,,,,-
C000983,,,,-
C000984,,,,-
C000986,,,,-
C000987,,,,-
C000990,,,,-
C000992,,,,-
C000994,,,,-
C000996,,,,-
C000998,,,,-
C000999,,,,-
C001000,,,,-
C001003,,,,-
C001006,,,,-
C001010,,,,-
C001012,,,,-
C001013,,,,-
C001015,,,,-
C001020,,,,-
C001024,,,,-
C001025,,,,-
C001027,,,,-
C001028,,,,-
C001031,,,,-
C001033,,,,-
C001034,,,,-
C001035,,,,-
C001038,,,,-
C001040,,,,-
C001041,,,,-
C001044,,,,-
C001046,,,,-
C001049,,,,-
C001050,,,,-
C001052,,,,-
C001054,,,,-
C001056,,,,-
C001057,,,,-
C001059,,,,-
C001060,,,,-
C001065,,,,-
C001066,,,,-
C001070,,,,-
C001072,,,,-
C001073,,,,-
C001075,,,,-
C001078,,,,-
C001081,,,,-
C001082,,,,-
C001084,,,,-
C001091,,,,-
C001092,,,,-
C001093,,,,-
C001095,,,,-
C001098,,,,-
C001101,,,,-
C001103,,,,-
C001105,,,,-
C001106,,,,-
C001107,,,,-
C001108,,,,-
C001113,,,,-
C001114,,,,-
C001120,,,,-
C001122,,,,-
C001123,,,,-
C001127,,,,-
C001128,,,,-
C001129,,,,-
C001130,,,,-
C001132,,,,-
C001144,,,,-
C001149,,,,-
C001152,,,,-
C001153,,,,-
C001155,,,,-
C001157,,,,-
C001159,,,,-
C001165,,,,-
C001166,,,,-
C001168,,,,-
C001169,,,,-
C001171,,,,-
C001172,,,,-
C001174,,,,-
C001175,,,,-
C001179,,,,-
C001180,,,,-
C001181,,,,-
C001182,,,,-
C001183,,,,-
C001185,,,,-
C001186,,,,-
C001188,,,,-
C001190,,,,-
C001195,,,,-
C001197,,,,-
C001206,,,,-
C001208,,,,-
C001211,,,,-
C001213,,,,-
C001217,,,,-
C001218,,,,-
C001222,,,,-
C001225,,,,-
C001226,,,,-
C001237,,,,-
C001239,,,,-
C001240,,,,-
C001243,,,,-
C001245,,,,-
C001246,,,,-
C001250,,,,-
C001251,,,,-
C001252,,,,-
C001253,,,,-
C001254,,,,-
C001255,,,,-
C001257,,,,-
C001258,,,,-
C001260,,,,-
C001263,,,,-
C001265,,,,-
C001268,,,,-
C001269,,,,-
C001281,,,,-
C001282,,,,-
C001286,,,,-
C001288,,,,-
C001289,,,,-
C001294,,,,-
C001295,,,,-
C001296,,,,-
C001301,,,,-
C001305,,,,-
C001309,,,,-
C001311,,,,-
C001312,,,,-
C001313,,,,-
C001318,,,,-
C001319,,,,-
C001326,,,,-
C001327,,,,-
C001328,,,,-
C001330,,,,-
C001336,,,,-
C001337,,,,-
C001338,,,,-
C001342,,,,-
C001345,,,,-
C001348,,,,-
C001349,,,,-
C001357,,,,-
C001358,,,,-
C001359,,,,-
C001361,,,,-
C001364,,,,-
C001365,,,,-
C001368,,,,-
C001370,,,,-
C001376,,,,-
C001378,,,,-
C001382,,,,-
C001385,,,,-
C001388,,,,-
C001391,,,,-
C001394,,,,-
C001403,,,,-
C001405,,,,-
C001409,,,,-
C001412,,,,-
C001417,,,,-
C001423,,,,-
C001426,,,,-
C001431,,,,-
C001433,,,,-
C001437,,,,-
C001439,,,,-
C001443,,,,-
C001445,,,,-
C001451,,,,-
C001454,,,,-
C001459,,,,-
C001462,,,,-
C001463,,,,-
C001464,,,,-
C001467,,,,-
C001468,,,,-
C001469,,,,-
C001473,,,,-
C001476,,,,-
C001477,,,,-
C001482,,,,-
C001485,,,,-
C001486,,,,-
C001487,,,,-
C001492,,,,-
C001493,,,,-
C001497,,,,-
C001498,,,,-
C001500,,,,-
C001502,,,,-
C001506,,,,-
C001507,,,,-
C001511,,,,-
C001512,,,,-
C001521,,,,-
C001524,,,,-
C001527,,,,-
C001530,,,,-
C001531,,,,-
C001533,,,,-
C001534,,,,-
C001536,,,,-
C001540,,,,-
C001543,,,,-
C001545,,,,-
C001546,,,,-
C001548,,,,-
C001550,,,,-
C001551,,,,-
C001552,,,,-
C001554,,,,-
C001555,,,,-
C001557,,,,-
C001559,,,,-
C001562,,,,-
C001563,,,,-
C001565,,,,-
C001568,,,,-
C001573,,,,-
C001576,,,,-
C001581,,,,-
C001582,,,,-
C001583,,,,-
C001590,,,,-
C001595,,,,-
C001598,,,,-
C001603,,,,-
C001607,,,,-
C001612,,,,-
C001613,,,,-
C001614,,,,-
C001615,,,,-
C001618,,,,-
C001622,,,,-
C001625,,,,-
C001629,,,,-
C001633,,,,-
C001635,,,,-
C001636,,,,-
C001638,,,,-
C001639,,,,-
C001641,,,,-
C001644,,,,-
C001649,,,,-
C001651,,,,-
C001654,,,,-
C001659,,,,-
C001660,,,,-
C001662,,,,-
C001666,,,,-
C001677,,,,-
C001678,,,,-
C001679,,,,-
C001680,,,,-
C001682,,,,-
C001684,,,,-
C001686,,,,-
C001687,,,,-
C001689,,,,-
C001691,,,,-
C001693,,,,-
C001694,,,,-
C001697,,,,-
C001702,,,,-
C001708,,,,-
C001709,,,,-
C001710,,,,-
C001715,,,,-
C001717,,,,-
C001718,,,,-
C001719,,,,-
C001725,,,,-
C001726,,,,-
C001729,,,,-
C001732,,,,-
C001735,,,,-
C001737,,,,-
C001741,,,,-
C001750,,,,-
C001758,,,,-
C001761,,,,-
C001763,,,,-
C001765,,,,-
C001766,,,,-
C001767,,,,-
C001768,,,,-
C001771,,,,-
C001772,,,,-
C001775,,,,-
C001780,,,,-
C001781,,,,-
C001783,,,,-
C001784,,,,-
C001787,,,,-
C001788,,,,-
C001789,,,,-
C001791,,,,-
C001796,,,,-
C001797,,,,-
C001801,,,,-
C001803,,,,-
C001806,,,,-
C001809,,,,-
C001811,,,,-
C001812,,,,-
C001813,,,,-
C001814,,,,-
C001815,,,,-
C001817,,,,-
C001822,,,,-
C001831,,,,-
C001834,,,,-
C001843,,,,-
C001849,,,,-
C001851,,,,-
C001853,,,,-
C001855,,,,-
C001856,,,,-
C001859,,,,-
C001867,,,,-
C001872,,,,-
C001875,,,,-
C001878,,,,-
C001879,,,,-
C001880,,,,-
C001882,,,,-
C001890,,,,-
C001891,,,,-
C001893,,,,-
C001896,,,,-
C001899,,,,-
C001900,,,,-
C001901,,,,-
C001904,,,,-
C001907,,,,-
C001910,,,,-
C001914,,,,-
C001915,,,,-
C001916,,,,-
C001917,,,,-
C001918,,,,-
C001919,,,,-
C001925,,,,-
C001929,,,,-
C001938,,,,-
C001941,,,,-
C001947,,,,-
C001952,,,,-
C001954,,,,-
C001961,,,,-
C001962,,,,-
C001964,,,,-
C001965,,,,-
C001966,,,,-
C001967,,,,-
C001968,,,,-
C001971,,,,-
C001977,,,,-
C001980,,,,-
C001981,,,,-
C001983,,,,-
C001984,,,,-
C001986,,,,-
C001987,,,,-
C001989,,,,-
C001990,,,,-
C001996,,,,-
C001998,,,,-
C002001,,,,-
C002002,,,,-
C002003,,,,-
C002008,,,,-
C002010,,,,-
C002011,,,,-
C002012,,,,-
C002018,,,,-
C002022,,,,-
C002027,,,,-
C002029,,,,-
C002032,,,,-
C002034,,,,-
C002035,,,,-
C002037,,,,-
C002041,,,,-
C002043,,,,-
C002047,,,,-
C002048,,,,-
C002054,,,,-
C002055,,,,-
C002056,,,,-
C002058,,,,-
C002061,,,,-
C002064,,,,-
C002065,,,,-
C002069,,,,-
C002074,,,,-
C002076,,,,-
C002080,,,,-
C002081,,,,-
C002082,,,,-
C002083,,,,-
C002088,,,,-
C002089,,,,-
C002090,,,,-
C002093,,,,-
C002094,,,,-
C002095,,,,-
C002098,,,,-
C002102,,,,-
C002104,,,,-
C002106,,,,-
C002108,,,,-
C002109,,,,-
C002110,,,,-
C002111,,,,-
C002114,,,,-
C002115,,,,-
C002118,,,,-
C002124,,,,-
C002126,,,,-
C002128,,,,-
C002129,,,,-
C002131,,,,-
C002133,,,,-
C002138,,,,-
C002139,,,,-
C002148,,,,-
C002152,,,,-
C002159,,,,-
C002160,,,,-
C002161,,,,-
C002163,,,,-
C002165,,,,-
C002166,,,,-
C002168,,,,-
C002169,,,,-
C002170,,,,-
C002172,,,,-
C002179,,,,-
C002183,,,,-
C002188,,,,-
C002192,,,,-
C002200,,,,-
C002201,,,,-
C002203,,,,-
C002204,,,,-
C002205,,,,-
C002206,,,,-
C002207,,,,-
C002209,,,,-
C002211,,,,-
C002212,,,,-
C002217,,,,-
C002218,,,,-
C002220,,,,-
C002222,,,,-
C002226,,,,-
C002227,,,,-
C002228,,,,-
C002229,,,,-
C002230,,,,-
C002233,,,,-
C002234,,,,-
C002235,,,,-
C002238,,,,-
C002239,,,,-
C002243,,,,-
C002245,,,,-
C002246,,,,-
C002247,,,,-
C002251,,,,-
C002252,,,,-
C002255,,,,-
C002259,,,,-
C002260,,,,-
C002262,,,,-
C002270,,,,-
C002271,,,,-
C002273,,,,-
C002274,,,,-
C002277,,,,-
C002279,,,,-
C002281,,,,-
C002283,,,,-
C002284,,,,-
C002292,,,,-
C002294,,,,-
C002295,,,,-
C002300,,,,-
C002301,,,,-
C002304,,,,-
C002307,,,,-
C002310,,,,-
C002311,,,,-
C002314,,,,-
C002315,,,,-
C002320,,,,-
C002322,,,,-
C002328,,,,-
C002331,,,,-
C002332,,,,-
C002333,,,,-
C002335,,,,-
C002336,,,,-
C002339,,,,-
C002341,,,,-
C002346,,,,-
C002347,,,,-
C002348,,,,-
C002350,,,,-
C002355,,,,-
C002360,,,,-
C002361,,,,-
C002362,,,,-
C002363,,,,-
C002365,,,,-
C002368,,,,-
C002371,,,,-
C002374,,,,-
C002376,,,,-
C002381,,,,-
C002385,,,,-
C002390,,,,-
C002391,,,,-
C002393,,,,-
C002396,,,,-
C002397,,,,-
C002398,,,,-
C002399,,,,-
C002404,,,,-
C002405,,,,-
C002406,,,,-
C002408,,,,-
C002410,,,,-
C002416,,,,-
C002418,,,,-
C002419,,,,-
C002422,,,,-
C002423,,,,-
C002425,,,,-
C002429,,,,-
C002434,,,,-
C002436,,,,-
C002440,,,,-
C002443,,,,-
C002444,,,,-
C002446,,,,-
C002449,,,,-
C002452,,,,-
C002454,,,,-
C002456,,,,-
C002463,,,,-
C002465,,,,-
C002467,,,,-
C002474,,,,-
C002479,,,,-
C002480,,,,-
C002481,,,,-
C002483,,,,-
C002487,,,,-
C002489,,,,-
C002494,,,,-
C002495,,,,-
C002499,,,,-
C002501,,,,-
C002503,,,,-
C002506,,,,-
C002510,,,,-
C002511,,,,-
C002514,,,,-
C002516,,,,-
C002517,,,,-
C002522,,,,-
C002523,,,,-
C002524,,,,-
C002527,,,,-
C002534,,,,-
C002538,,,,-
C002543,,,,-
C002545,,,,-
C002549,,,,-
C002551,,,,-
C002553,,,,-
C002558,,,,-
C002564,,,,-
C002565,,,,-
C002571,,,,-
C002572,,,,-
C002574,,,,-
C002575,,,,-
C002577,,,,-
C002578,,,,-
C002582,,,,-
C002584,,,,-
C002586,,,,-
C002588,,,,-
C002590,,,,-
C002592,,,,-
C002594,,,,-
C002595,,,,-
C002596,,,,-
C002600,,,,-
C002601,,,,-
C002602,,,,-
C002604,,,,-
C002605,,,,-
C002606,,,,-
C002609,,,,-
C002610,,,,-
C002614,,,,-
C002616,,,,-
C002618,,,,-
C002622,,,,-
C002625,,,,-
C002631,,,,-
C002633,,,,-
C002634,,,,-
C002637,,,,-
C002639,,,,-
C002640,,,,-
C002642,,,,-
C002646,,,,-
C002648,,,,-
C002650,,,,-
C002656,,,,-
C002658,,,,-
C002661,,,,-
C002665,,,,-
C002666,,,,-
C002669,,,,-
C002675,,,,-
C002676,,,,-
C002681,,,,-
C002682,,,,-
C002683,,,,-
C002685,,,,-
C002686,,,,-
C002695,,,,-
C002699,,,,-
C002700,,,,-
C002701,,,,-
C002703,,,,-
C002704,,,,-
C002705,,,,-
C002708,,,,-
C002713,,,,-
C002714,,,,-
C002720,,,,-
C002726,,,,-
C002733,,,,-
C002734,,,,-
C002735,,,,-
C002739,,,,-
C002740,,,,-
C002742,,,,-
C002753,,,,-
C002754,,,,-
C002757,,,,-
C002760,,,,-
C002762,,,,-
C002763,,,,-
C002765,,,,-
C002766,,,,-
C002769,,,,-
C002773,,,,-
C002777,,,,-
C002779,,,,-
C002784,,,,-
C002789,,,,-
C002791,,,,-
C002794,,,,-
C002796,,,,-
C002798,,,,-
C002800,,,,-
C002805,,,,-
C002807,,,,-
C002810,,,,-
C002816,,,,-
C002817,,,,-
C002818,,,,-
C002819,,,,-
C002822,,,,-
C002824,,,,-
C002830,,,,-
C002831,,,,-
C002832,,,,-
C002834,,,,-
C002841,,,,-
C002842,,,,-
C002843,,,,-
C002850,,,,-
C002852,,,,-
C002853,,,,-
C002857,,,,-
C002863,,,,-
C002864,,,,-
C002866,,,,-
C002868,,,,-
C002869,,,,-
C002871,,,,-
C002873,,,,-
C002874,,,,-
C002878,,,,-
C002880,,,,-
C002882,,,,-
C002887,,,,-
C002888,,,,-
C002893,,,,-
C002895,,,,-
C002899,,,,-
C002900,,,,-
C002902,,,,-
C002903,,,,-
C002906,,,,-
C002910,,,,-
C002913,,,,-
C002914,,,,-
C002915,,,,-
C002921,,,,-
C002926,,,,-
C002927,,,,-
C002929,,,,-
C002931,,,,-
C002934,,,,-
C002936,,,,-
C002937,,,,-
C002938,,,,-
C002943,,,,-
C002945,,,,-
C002953,,,,-
C002955,,,,-
C002957,,,,-
C002959,,,,-
C002961,,,,-
C002963,,,,-
C002965,,,,-
C002967,,,,-
C002971,,,,-
C002976,,,,-
C002977,,,,-
C002979,,,,-
C002987,,,,-
C002990,,,,-
C002993,,,,-
C002995,,,,-
C003000,,,,-
C003008,,,,-
C003009,,,,-
C003012,,,,-
C003013,,,,-
C003015,,,,-
C003016,,,,-
C003021,,,,-
C003022,,,,-
C003031,,,,-
C003032,,,,-
C003037,,,,-
C003038,,,,-
C003041,,,,-
C003043,,,,-
C003044,,,,-
C003045,,,,-
C003047,,,,-
C003049,,,,-
C003051,,,,-
C003052,,,,-
C003053,,,,-
C003054,,,,-
C003058,,,,-
C003059,,,,-
C003061,,,,-
C003065,,,,-
C003069,,,,-
C003070,,,,-
C003071,,,,-
C003073,,,,-
C003076,,,,-
C003079,,,,-
C003080,,,,-
C003083,,,,-
C003085,,,,-
C003088,,,,-
C003091,,,,-
C003092,,,,-
C003102,,,,-
C003105,,,,-
C003106,,,,-
C003107,,,,-
C003109,,,,-
C003116,,,,-
C003118,,,,-
C003121,,,,-
C003122,,,,-
C003124,,,,-
C003125,,,,-
C003126,,,,-
C003127,,,,-
C003128,,,,-
C003129,,,,-
C003131,,,,-
C003136,,,,-
C003137,,,,-
C003138,,,,-
C003139,,,,-
C003141,,,,-
C003142,,,,-
C003148,,,,-
C003149,,,,-
C003151,,,,-
C003153,,,,-
C003160,,,,-
C003161,,,,-
C003162,,,,-
C003164,,,,-
C003165,,,,-
C003174,,,,-
C003175,,,,-
C003177,,,,-
C003180,,,,-
C003182,,,,-
C003183,,,,-
C003185,,,,-
C003186,,,,-
C003189,,,,-
C003195,,,,-
C003201,,,,-
C003206,,,,-
C003211,,,,-
C003215,,,,-
C003216,,,,-
C003218,,,,-
C003220,,,,-
C003221,,,,-
C003224,,,,-
C003225,,,,-
C003226,,,,-
C003227,,,,-
C003230,,,,-
C003233,,,,-
C003235,,,,-
C003237,,,,-
C003239,,,,-
C003242,,,,-
C003243,,,,-
C003244,,,,-
C003245,,,,-
C003250,,,,-
C003251,,,,-
C003254,,,,-
C003256,,,,-
C003261,,,,-
C003271,,,,-
C003272,,,,-
C003274,,,,-
C003277,,,,-
C003278,,,,-
C003280,,,,-
C003284,,,,-
C003285,,,,-
C003289,,,,-
C003293,,,,-
C003297,,,,-
C003300,,,,-
C003303,,,,-
C003304,,,,-
C003306,,,,-
C003309,,,,-
C003310,,,,-
C003319,,,,-
C003328,,,,-
C003329,,,,-
C003330,,,,-
C003332,,,,-
C003334,,,,-
C003338,,,,-
C003344,,,,-
C003345,,,,-
C003346,,,,-
C003350,,,,-
C003353,,,,-
C003356,,,,-
C003361,,,,-
C003364,,,,-
C003367,,,,-
C003372,,,,-
C003373,,,,-
C003375,,,,-
C003377,,,,-
C003382,,,,-
C003383,,,,-
C003385,,,,-
C003388,,,,-
C003394,,,,-
C003395,,,,-
C003400,,,,-
C003404,,,,-
C003405,,,,-
C003406,,,,-
C003408,,,,-
C003410,,,,-
C003411,,,,-
C003413,,,,-
C003415,,,,-
C003416,,,,-
C003417,,,,-
C003418,,,,-
C003420,,,,-
C003423,,,,-
C003424,,,,-
C003429,,,,-
C003431,,,,-
C003432,,,,-
C003433,,,,-
C003434,,,,-
C003435,,,,-
C003438,,,,-
C003447,,,,-
C003448,,,,-
C003449,,,,-
C003450,,,,-
C003452,,,,-
C003453,,,,-
C003462,,,,-
C003464,,,,-
C003469,,,,-
C003471,,,,-
C003472,,,,-
C003477,,,,-
C003480,,,,-
C003485,,,,-
C003487,,,,-
C003491,,,,-
C003492,,,,-
C003493,,,,-
C003504,,,,-
C003507,,,,-
C003509,,,,-
C003510,,,,-
C003516,,,,-
C003518,,,,-
C003520,,,,-
C003521,,,,-
C003523,,,,-
C003524,,,,-
C003526,,,,-
C003529,,,,-
C003531,,,,-
C003532,,,,-
C003534,,,,-
C003538,,,,-
C003540,,,,-
C003542,,,,-
C003545,,,,-
C003546,,,,-
C003549,,,,-
C003556,,,,-
C003557,,,,-
C003558,,,,-
C003561,,,,-
C003564,,,,-
C003568,,,,-
C003571,,,,-
C003572,,,,-
C003575,,,,-
C003579,,,,-
C003580,,,,-
C003581,,,,-
C003582,,,,-
C003585,,,,-
C003587,,,,-
C003588,,,,-
C003592,,,,-
C003596,,,,-
C003597,,,,-
C003600,,,,-
C003601,,,,-
C003602,,,,-
C003604,,,,-
C003617,,,,-
C003620,,,,-
C003622,,,,-
C003623,,,,-
C003625,,,,-
C003628,,,,-
C003629,,,,-
C003630,,,,-
C003632,,,,-
C003633,,,,-
C003635,,,,-
C003643,,,,-
C003646,,,,-
C003647,,,,-
C003648,,,,-
C003652,,,,-
C003654,,,,-
C003659,,,,-
C003660,,,,-
C003662,,,,-
C003664,,,,-
C003666,,,,-
C003668,,,,-
C003673,,,,-
C003675,,,,-
C003677,,,,-
C003678,,,,-
C003680,,,,-
C003683,,,,-
C003684,,,,-
C003685,,,,-
C003686,,,,-
C003687,,,,-
C003691,,,,-
C003692,,,,-
C003693,,,,-
C003696,,,,-
C003697,,,,-
C003699,,,,-
C003701,,,,-
C003703,,,,-
C003714,,,,-
C003717,,,,-
C003719,,,,-
C003720,,,,-
C003721,,,,-
C003722,,,,-
C003725,,,,-
C003728,,,,-
C003732,,,,-
C003733,,,,-
C003736,,,,-
C003738,,,,-
C003740,,,,-
C003743,,,,-
C003744,,,,-
C003750,,,,-
C003751,,,,-
C003754,,,,-
C003756,,,,-
C003757,,,,-
C003758,,,,-
C003762,,,,-
C003764,,,,-
C003765,,,,-
C003768,,,,-
C003771,,,,-
C003777,,,,-
C003779,,,,-
C003781,,,,-
C003784,,,,-
C003787,,,,-
C003788,,,,-
C003792,,,,-
C003794,,,,-
C003795,,,,-
C003797,,,,-
C003803,,,,-
C003806,,,,-
C003807,,,,-
C003809,,,,-
C003814,,,,-
C003815,,,,-
C003823,,,,-
C003830,,,,-
C003832,,,,-
C003833,,,,-
C003836,,,,-
C003840,,,,-
C003845,,,,-
C003847,,,,-
C003853,,,,-
C003857,,,,-
C003859,,,,-
C003863,,,,-
C003865,,,,-
C003866,,,,-
C003870,,,,-
C003871,,,,-
C003872,,,,-
C003874,,,,-
C003881,,,,-
C003886,,,,-
C003887,,,,-
C003890,,,,-
C003892,,,,-
C003894,,,,-
C003897,,,,-
C003898,,,,-
C003899,,,,-
C003901,,,,-
C003902,,,,-
C003904,,,,-
C003905,,,,-
C003906,,,,-
C003907,,,,-
C003910,,,,-
C003913,,,,-
C003916,,,,-
C003920,,,,-
C003922,,,,-
C003924,,,,-
C003926,,,,-
C003932,,,,-
C003933,,,,-
C003934,,,,-
C003939,,,,-
C003940,,,,-
C003941,,,,-
C003942,,,,-
C003943,,,,-
C003947,,,,-
C003948,,,,-
C003950,,,,-
C003953,,,,-
C003955,,,,-
C003960,,,,-
C003961,,,,-
C003963,,,,-
C003964,,,,-
C003967,,,,-
C003969,,,,-
C003973,,,,-
C003977,,,,-
C003978,,,,-
C003980,,,,-
C003984,,,,-
C003988,,,,-
C003989,,,,-
C003991,,,,-
C003995,,,,-
C004001,,,,-
C004004,,,,-
C004006,,,,-
C004007,,,,-
C004009,,,,-
C004010,,,,-
C004012,,,,-
C004013,,,,-
C004017,,,,-
C004018,,,,-
C004020,,,,-
C004022,,,,-
C004033,,,,-
C004034,,,,-
C004035,,,,-
C004036,,,,-
C004038,,,,-
C004039,,,,-
C004042,,,,-
C004045,,,,-
C004046,,,,-
C004048,,,,-
C004057,,,,-
C004058,,,,-
C004060,,,,-
C004065,,,,-
C004069,,,,-
C004072,,,,-
C004073,,,,-
C004074,,,,-
C004075,,,,-
C004078,,,,-
C004080,,,,-
C004081,,,,-
C004084,,,,-
C004086,,,,-
C004087,,,,-
C004088,,,,-
C004094,,,,-
C004097,,,,-
C004099,,,,-
C004103,,,,-
C004106,,,,-
C004107,,,,-
C004113,,,,-
C004115,,,,-
C004119,,,,-
C004124,,,,-
C004130,,,,-
C004131,,,,-
C004138,,,,-
C004149,,,,-
C004153,,,,-
C004154,,,,-
C004155,,,,-
C004156,,,,-
C004158,,,,-
C004164,,,,-
C004171,,,,-
C004174,,,,-
C004176,,,,-
C004178,,,,-
C004181,,,,-
C004182,,,,-
C004185,,,,-
C004186,,,,-
C004187,,,,-
C004192,,,,-
C004197,,,,-
C004198,,,,-
C004200,,,,-
C004201,,,,-
C004202,,,,-
C004208,,,,-
C004210,,,,-
C004212,,,,-
C004213,,,,-
C004217,,,,-
C004219,,,,-
C004221,,,,-
C004223,,,,-
C004234,,,,-
C004237,,,,-
C004238,,,,-
C004243,,,,-
C004247,,,,-
C004249,,,,-
C004253,,,,-
C004254,,,,-
C004255,,,,-
C004256,,,,-
C004259,,,,-
C004264,,,,-
C004269,,,,-
C004270,,,,-
C004275,,,,-
C004280,,,,-
C004283,,,,-
C004284,,,,-
C004286,,,,-
C004290,,,,-
C004291,,,,-
C004292,,,,-
C004293,,,,-
C004294,,,,-
C004300,,,,-
C004303,,,,-
C004304,,,,-
C004305,,,,-
C004306,,,,-
C004307,,,,-
C004318,,,,-
C004322,,,,-
C004326,,,,-
C004327,,,,-
C004330,,,,-
C004331,,,,-
C004332,,,,-
C004335,,,,-
C004337,,,,-
C004340,,,,-
C004342,,,,-
C004343,,,,-
C004344,,,,-
C004347,,,,-
C004348,,,,-
C004350,,,,-
C004353,,,,-
C004356,,,,-
C004358,,,,-
C004360,,,,-
C004362,,,,-
C004366,,,,-
C004367,,,,-
C004369,,,,-
C004370,,,,-
C004372,,,,-
C004373,,,,-
C004375,,,,-
C004377,,,,-
C004378,,,,-
C004379,,,,-
C004382,,,,-
C004386,,,,-
C004389,,,,-
C004394,,,,-
C004397,,,,-
C004398,,,,-
C004402,,,,-
C004407,,,,-
